file,line,type,commit,author,date,time,timezone,datetime,depth,length
style.css,1,css,8dd68df5,smacoh,2025-01-16,23:59:31,-08:00,2025-01-16T23:59:31-08:00,0,5
style.css,2,css,8dd68df5,smacoh,2025-01-16,23:59:31,-08:00,2025-01-16T23:59:31-08:00,0,32
style.css,3,css,8dd68df5,smacoh,2025-01-16,23:59:31,-08:00,2025-01-16T23:59:31-08:00,0,33
style.css,4,css,68999a2c,smacoh,2025-01-24,18:47:02,-08:00,2025-01-24T18:47:02-08:00,0,24
style.css,5,css,8dd68df5,smacoh,2025-01-16,23:59:31,-08:00,2025-01-16T23:59:31-08:00,0,0
style.css,6,css,8dd68df5,smacoh,2025-01-16,23:59:31,-08:00,2025-01-16T23:59:31-08:00,0,0
style.css,7,css,8dd68df5,smacoh,2025-01-16,23:59:31,-08:00,2025-01-16T23:59:31-08:00,0,5
style.css,8,css,1fa7e5f2,smacoh,2025-02-12,23:25:30,-08:00,2025-02-12T23:25:30-08:00,0,44
style.css,9,css,8dd68df5,smacoh,2025-01-16,23:59:31,-08:00,2025-01-16T23:59:31-08:00,0,43
style.css,10,css,8dd68df5,smacoh,2025-01-16,23:59:31,-08:00,2025-01-16T23:59:31-08:00,0,1
style.css,11,css,1fa7e5f2,smacoh,2025-02-12,23:25:30,-08:00,2025-02-12T23:25:30-08:00,0,24
style.css,12,css,1fa7e5f2,smacoh,2025-02-12,23:25:30,-08:00,2025-02-12T23:25:30-08:00,0,16
style.css,13,css,1fa7e5f2,smacoh,2025-02-12,23:25:30,-08:00,2025-02-12T23:25:30-08:00,0,25
style.css,14,css,1fa7e5f2,smacoh,2025-02-12,23:25:30,-08:00,2025-02-12T23:25:30-08:00,0,43
style.css,15,css,1fa7e5f2,smacoh,2025-02-12,23:25:30,-08:00,2025-02-12T23:25:30-08:00,0,23
style.css,16,css,8dd68df5,smacoh,2025-01-16,23:59:31,-08:00,2025-01-16T23:59:31-08:00,0,0
style.css,17,css,8dd68df5,smacoh,2025-01-16,23:59:31,-08:00,2025-01-16T23:59:31-08:00,0,0
style.css,18,css,8dd68df5,smacoh,2025-01-16,23:59:31,-08:00,2025-01-16T23:59:31-08:00,0,4
style.css,19,css,68999a2c,smacoh,2025-01-24,18:47:02,-08:00,2025-01-24T18:47:02-08:00,0,40
style.css,20,css,8dd68df5,smacoh,2025-01-16,23:59:31,-08:00,2025-01-16T23:59:31-08:00,0,13
style.css,21,css,8dd68df5,smacoh,2025-01-16,23:59:31,-08:00,2025-01-16T23:59:31-08:00,0,20
style.css,22,css,8dd68df5,smacoh,2025-01-16,23:59:31,-08:00,2025-01-16T23:59:31-08:00,0,24
style.css,23,css,8dd68df5,smacoh,2025-01-16,23:59:31,-08:00,2025-01-16T23:59:31-08:00,0,26
style.css,24,css,68999a2c,smacoh,2025-01-24,18:47:02,-08:00,2025-01-24T18:47:02-08:00,0,40
style.css,25,css,8dd68df5,smacoh,2025-01-16,23:59:31,-08:00,2025-01-16T23:59:31-08:00,0,0
style.css,26,css,8dd68df5,smacoh,2025-01-16,23:59:31,-08:00,2025-01-16T23:59:31-08:00,0,0
style.css,27,css,8dd68df5,smacoh,2025-01-16,23:59:31,-08:00,2025-01-16T23:59:31-08:00,0,3
style.css,28,css,8dd68df5,smacoh,2025-01-16,23:59:31,-08:00,2025-01-16T23:59:31-08:00,0,17
style.css,29,css,8dd68df5,smacoh,2025-01-16,23:59:31,-08:00,2025-01-16T23:59:31-08:00,0,0
style.css,30,css,8dd68df5,smacoh,2025-01-16,23:59:31,-08:00,2025-01-16T23:59:31-08:00,0,0
style.css,31,css,8dd68df5,smacoh,2025-01-16,23:59:31,-08:00,2025-01-16T23:59:31-08:00,0,3
style.css,32,css,8dd68df5,smacoh,2025-01-16,23:59:31,-08:00,2025-01-16T23:59:31-08:00,0,17
style.css,33,css,8dd68df5,smacoh,2025-01-16,23:59:31,-08:00,2025-01-16T23:59:31-08:00,0,0
style.css,34,css,8dd68df5,smacoh,2025-01-16,23:59:31,-08:00,2025-01-16T23:59:31-08:00,0,0
style.css,35,css,8dd68df5,smacoh,2025-01-16,23:59:31,-08:00,2025-01-16T23:59:31-08:00,0,2
style.css,36,css,8dd68df5,smacoh,2025-01-16,23:59:31,-08:00,2025-01-16T23:59:31-08:00,0,7
style.css,37,css,8dd68df5,smacoh,2025-01-16,23:59:31,-08:00,2025-01-16T23:59:31-08:00,0,21
style.css,38,css,8dd68df5,smacoh,2025-01-16,23:59:31,-08:00,2025-01-16T23:59:31-08:00,0,14
style.css,39,css,8dd68df5,smacoh,2025-01-16,23:59:31,-08:00,2025-01-16T23:59:31-08:00,0,18
style.css,40,css,8dd68df5,smacoh,2025-01-16,23:59:31,-08:00,2025-01-16T23:59:31-08:00,0,14
style.css,41,css,8dd68df5,smacoh,2025-01-16,23:59:31,-08:00,2025-01-16T23:59:31-08:00,0,0
style.css,42,css,8dd68df5,smacoh,2025-01-16,23:59:31,-08:00,2025-01-16T23:59:31-08:00,0,0
style.css,43,css,8dd68df5,smacoh,2025-01-16,23:59:31,-08:00,2025-01-16T23:59:31-08:00,0,10
style.css,44,css,8dd68df5,smacoh,2025-01-16,23:59:31,-08:00,2025-01-16T23:59:31-08:00,0,44
style.css,45,css,8dd68df5,smacoh,2025-01-16,23:59:31,-08:00,2025-01-16T23:59:31-08:00,0,19
style.css,46,css,8dd68df5,smacoh,2025-01-16,23:59:31,-08:00,2025-01-16T23:59:31-08:00,0,17
style.css,47,css,8dd68df5,smacoh,2025-01-16,23:59:31,-08:00,2025-01-16T23:59:31-08:00,0,0
style.css,48,css,8dd68df5,smacoh,2025-01-16,23:59:31,-08:00,2025-01-16T23:59:31-08:00,0,0
style.css,49,css,8dd68df5,smacoh,2025-01-16,23:59:31,-08:00,2025-01-16T23:59:31-08:00,0,8
style.css,50,css,8dd68df5,smacoh,2025-01-16,23:59:31,-08:00,2025-01-16T23:59:31-08:00,0,46
style.css,51,css,8dd68df5,smacoh,2025-01-16,23:59:31,-08:00,2025-01-16T23:59:31-08:00,0,19
style.css,52,css,68999a2c,smacoh,2025-01-24,18:47:02,-08:00,2025-01-24T18:47:02-08:00,0,70
style.css,53,css,8dd68df5,smacoh,2025-01-16,23:59:31,-08:00,2025-01-16T23:59:31-08:00,0,0
style.css,54,css,8dd68df5,smacoh,2025-01-16,23:59:31,-08:00,2025-01-16T23:59:31-08:00,0,0
style.css,55,css,8dd68df5,smacoh,2025-01-16,23:59:31,-08:00,2025-01-16T23:59:31-08:00,0,5
style.css,56,css,8dd68df5,smacoh,2025-01-16,23:59:31,-08:00,2025-01-16T23:59:31-08:00,0,13
style.css,57,css,8dd68df5,smacoh,2025-01-16,23:59:31,-08:00,2025-01-16T23:59:31-08:00,0,31
style.css,58,css,8dd68df5,smacoh,2025-01-16,23:59:31,-08:00,2025-01-16T23:59:31-08:00,0,8
style.css,59,css,8dd68df5,smacoh,2025-01-16,23:59:31,-08:00,2025-01-16T23:59:31-08:00,0,0
style.css,60,css,8dd68df5,smacoh,2025-01-16,23:59:31,-08:00,2025-01-16T23:59:31-08:00,0,0
style.css,61,css,8dd68df5,smacoh,2025-01-16,23:59:31,-08:00,2025-01-16T23:59:31-08:00,0,6
style.css,62,css,8dd68df5,smacoh,2025-01-16,23:59:31,-08:00,2025-01-16T23:59:31-08:00,0,13
style.css,63,css,8dd68df5,smacoh,2025-01-16,23:59:31,-08:00,2025-01-16T23:59:31-08:00,0,30
style.css,64,css,8dd68df5,smacoh,2025-01-16,23:59:31,-08:00,2025-01-16T23:59:31-08:00,0,19
style.css,65,css,8dd68df5,smacoh,2025-01-16,23:59:31,-08:00,2025-01-16T23:59:31-08:00,0,0
style.css,66,css,8dd68df5,smacoh,2025-01-16,23:59:31,-08:00,2025-01-16T23:59:31-08:00,0,0
style.css,67,css,8dd68df5,smacoh,2025-01-16,23:59:31,-08:00,2025-01-16T23:59:31-08:00,0,7
style.css,68,css,8dd68df5,smacoh,2025-01-16,23:59:31,-08:00,2025-01-16T23:59:31-08:00,0,19
style.css,69,css,8dd68df5,smacoh,2025-01-16,23:59:31,-08:00,2025-01-16T23:59:31-08:00,0,14
style.css,70,css,8dd68df5,smacoh,2025-01-16,23:59:31,-08:00,2025-01-16T23:59:31-08:00,0,0
style.css,71,css,8dd68df5,smacoh,2025-01-16,23:59:31,-08:00,2025-01-16T23:59:31-08:00,0,0
style.css,72,css,1fa7e5f2,smacoh,2025-02-12,23:25:30,-08:00,2025-02-12T23:25:30-08:00,0,5
style.css,73,css,1fa7e5f2,smacoh,2025-02-12,23:25:30,-08:00,2025-02-12T23:25:30-08:00,0,8
style.css,74,css,1fa7e5f2,smacoh,2025-02-12,23:25:30,-08:00,2025-02-12T23:25:30-08:00,0,7
style.css,75,css,68999a2c,smacoh,2025-01-24,18:47:02,-08:00,2025-01-24T18:47:02-08:00,0,20
style.css,76,css,68999a2c,smacoh,2025-01-24,18:47:02,-08:00,2025-01-24T18:47:02-08:00,0,14
style.css,77,css,68999a2c,smacoh,2025-01-24,18:47:02,-08:00,2025-01-24T18:47:02-08:00,0,0
style.css,78,css,68999a2c,smacoh,2025-01-24,18:47:02,-08:00,2025-01-24T18:47:02-08:00,0,0
style.css,79,css,8dd68df5,smacoh,2025-01-16,23:59:31,-08:00,2025-01-16T23:59:31-08:00,0,10
style.css,80,css,8dd68df5,smacoh,2025-01-16,23:59:31,-08:00,2025-01-16T23:59:31-08:00,0,13
style.css,81,css,8dd68df5,smacoh,2025-01-16,23:59:31,-08:00,2025-01-16T23:59:31-08:00,0,59
style.css,82,css,8dd68df5,smacoh,2025-01-16,23:59:31,-08:00,2025-01-16T23:59:31-08:00,0,8
style.css,83,css,8dd68df5,smacoh,2025-01-16,23:59:31,-08:00,2025-01-16T23:59:31-08:00,0,0
style.css,84,css,8dd68df5,smacoh,2025-01-16,23:59:31,-08:00,2025-01-16T23:59:31-08:00,0,0
style.css,85,css,8dd68df5,smacoh,2025-01-16,23:59:31,-08:00,2025-01-16T23:59:31-08:00,0,18
style.css,86,css,8dd68df5,smacoh,2025-01-16,23:59:31,-08:00,2025-01-16T23:59:31-08:00,0,13
style.css,87,css,8dd68df5,smacoh,2025-01-16,23:59:31,-08:00,2025-01-16T23:59:31-08:00,0,27
style.css,88,css,8dd68df5,smacoh,2025-01-16,23:59:31,-08:00,2025-01-16T23:59:31-08:00,0,16
style.css,89,css,8dd68df5,smacoh,2025-01-16,23:59:31,-08:00,2025-01-16T23:59:31-08:00,0,8
style.css,90,css,8dd68df5,smacoh,2025-01-16,23:59:31,-08:00,2025-01-16T23:59:31-08:00,0,0
style.css,91,css,8dd68df5,smacoh,2025-01-16,23:59:31,-08:00,2025-01-16T23:59:31-08:00,0,0
style.css,92,css,8dd68df5,smacoh,2025-01-16,23:59:31,-08:00,2025-01-16T23:59:31-08:00,0,13
style.css,93,css,8dd68df5,smacoh,2025-01-16,23:59:31,-08:00,2025-01-16T23:59:31-08:00,0,9
style.css,94,css,8dd68df5,smacoh,2025-01-16,23:59:31,-08:00,2025-01-16T23:59:31-08:00,0,0
style.css,95,css,8dd68df5,smacoh,2025-01-16,23:59:31,-08:00,2025-01-16T23:59:31-08:00,0,0
style.css,96,css,8dd68df5,smacoh,2025-01-16,23:59:31,-08:00,2025-01-16T23:59:31-08:00,0,3
style.css,97,css,8dd68df5,smacoh,2025-01-16,23:59:31,-08:00,2025-01-16T23:59:31-08:00,0,15
style.css,98,css,8dd68df5,smacoh,2025-01-16,23:59:31,-08:00,2025-01-16T23:59:31-08:00,0,0
style.css,99,css,8dd68df5,smacoh,2025-01-16,23:59:31,-08:00,2025-01-16T23:59:31-08:00,0,0
style.css,100,css,1fa7e5f2,smacoh,2025-02-12,23:25:30,-08:00,2025-02-12T23:25:30-08:00,0,2
style.css,101,css,1fa7e5f2,smacoh,2025-02-12,23:25:30,-08:00,2025-02-12T23:25:30-08:00,0,2
style.css,102,css,1fa7e5f2,smacoh,2025-02-12,23:25:30,-08:00,2025-02-12T23:25:30-08:00,0,2
style.css,103,css,1fa7e5f2,smacoh,2025-02-12,23:25:30,-08:00,2025-02-12T23:25:30-08:00,0,2
style.css,104,css,1fa7e5f2,smacoh,2025-02-12,23:25:30,-08:00,2025-02-12T23:25:30-08:00,0,2
style.css,105,css,1fa7e5f2,smacoh,2025-02-12,23:25:30,-08:00,2025-02-12T23:25:30-08:00,0,3
style.css,106,css,8dd68df5,smacoh,2025-01-16,23:59:31,-08:00,2025-01-16T23:59:31-08:00,0,16
style.css,107,css,8dd68df5,smacoh,2025-01-16,23:59:31,-08:00,2025-01-16T23:59:31-08:00,0,18
style.css,108,css,8dd68df5,smacoh,2025-01-16,23:59:31,-08:00,2025-01-16T23:59:31-08:00,0,0
style.css,109,css,8dd68df5,smacoh,2025-01-16,23:59:31,-08:00,2025-01-16T23:59:31-08:00,0,0
style.css,110,css,1fa7e5f2,smacoh,2025-02-12,23:25:30,-08:00,2025-02-12T23:25:30-08:00,0,11
style.css,111,css,1fa7e5f2,smacoh,2025-02-12,23:25:30,-08:00,2025-02-12T23:25:30-08:00,0,16
style.css,112,css,68999a2c,smacoh,2025-01-24,18:47:02,-08:00,2025-01-24T18:47:02-08:00,0,49
style.css,113,css,8dd68df5,smacoh,2025-01-16,23:59:31,-08:00,2025-01-16T23:59:31-08:00,0,0
style.css,114,css,8dd68df5,smacoh,2025-01-16,23:59:31,-08:00,2025-01-16T23:59:31-08:00,0,0
style.css,115,css,8dd68df5,smacoh,2025-01-16,23:59:31,-08:00,2025-01-16T23:59:31-08:00,0,16
style.css,116,css,8dd68df5,smacoh,2025-01-16,23:59:31,-08:00,2025-01-16T23:59:31-08:00,0,18
style.css,117,css,8dd68df5,smacoh,2025-01-16,23:59:31,-08:00,2025-01-16T23:59:31-08:00,0,0
style.css,118,css,7050a7ce,smacoh,2025-01-17,14:32:01,-08:00,2025-01-17T14:32:01-08:00,0,0
style.css,119,css,7050a7ce,smacoh,2025-01-17,14:32:01,-08:00,2025-01-17T14:32:01-08:00,0,21
style.css,120,css,7050a7ce,smacoh,2025-01-17,14:32:01,-08:00,2025-01-17T14:32:01-08:00,0,12
style.css,121,css,68999a2c,smacoh,2025-01-24,18:47:02,-08:00,2025-01-24T18:47:02-08:00,0,0
style.css,122,css,68999a2c,smacoh,2025-01-24,18:47:02,-08:00,2025-01-24T18:47:02-08:00,0,0
style.css,123,css,68999a2c,smacoh,2025-01-24,18:47:02,-08:00,2025-01-24T18:47:02-08:00,0,14
style.css,124,css,68999a2c,smacoh,2025-01-24,18:47:02,-08:00,2025-01-24T18:47:02-08:00,0,18
style.css,125,css,68999a2c,smacoh,2025-01-24,18:47:02,-08:00,2025-01-24T18:47:02-08:00,0,9
style.css,126,css,68999a2c,smacoh,2025-01-24,18:47:02,-08:00,2025-01-24T18:47:02-08:00,0,11
style.css,127,css,68999a2c,smacoh,2025-01-24,18:47:02,-08:00,2025-01-24T18:47:02-08:00,0,14
style.css,128,css,68999a2c,smacoh,2025-01-24,18:47:02,-08:00,2025-01-24T18:47:02-08:00,0,20
style.css,129,css,1966e60d,smacoh,2025-01-31,20:09:31,-08:00,2025-01-31T20:09:31-08:00,0,0
style.css,130,css,1966e60d,smacoh,2025-01-31,20:09:31,-08:00,2025-01-31T20:09:31-08:00,0,0
style.css,131,css,1966e60d,smacoh,2025-01-31,20:09:31,-08:00,2025-01-31T20:09:31-08:00,0,18
style.css,132,css,1966e60d,smacoh,2025-01-31,20:09:31,-08:00,2025-01-31T20:09:31-08:00,0,13
style.css,133,css,1966e60d,smacoh,2025-01-31,20:09:31,-08:00,2025-01-31T20:09:31-08:00,0,38
style.css,134,css,1966e60d,smacoh,2025-01-31,20:09:31,-08:00,2025-01-31T20:09:31-08:00,0,14
style.css,135,css,1966e60d,smacoh,2025-01-31,20:09:31,-08:00,2025-01-31T20:09:31-08:00,0,0
style.css,136,css,1966e60d,smacoh,2025-01-31,20:09:31,-08:00,2025-01-31T20:09:31-08:00,0,0
style.css,137,css,1966e60d,smacoh,2025-01-31,20:09:31,-08:00,2025-01-31T20:09:31-08:00,0,18
style.css,138,css,1966e60d,smacoh,2025-01-31,20:09:31,-08:00,2025-01-31T20:09:31-08:00,0,11
style.css,139,css,1966e60d,smacoh,2025-01-31,20:09:31,-08:00,2025-01-31T20:09:31-08:00,0,18
style.css,140,css,1966e60d,smacoh,2025-01-31,20:09:31,-08:00,2025-01-31T20:09:31-08:00,0,21
style.css,141,css,1966e60d,smacoh,2025-01-31,20:09:31,-08:00,2025-01-31T20:09:31-08:00,0,0
style.css,142,css,1966e60d,smacoh,2025-01-31,20:09:31,-08:00,2025-01-31T20:09:31-08:00,0,0
style.css,143,css,1966e60d,smacoh,2025-01-31,20:09:31,-08:00,2025-01-31T20:09:31-08:00,0,18
style.css,144,css,1966e60d,smacoh,2025-01-31,20:09:31,-08:00,2025-01-31T20:09:31-08:00,0,11
style.css,145,css,1966e60d,smacoh,2025-01-31,20:09:31,-08:00,2025-01-31T20:09:31-08:00,0,15
style.css,146,css,1966e60d,smacoh,2025-01-31,20:09:31,-08:00,2025-01-31T20:09:31-08:00,0,18
style.css,147,css,1966e60d,smacoh,2025-01-31,20:09:31,-08:00,2025-01-31T20:09:31-08:00,0,21
style.css,148,css,1966e60d,smacoh,2025-01-31,20:09:31,-08:00,2025-01-31T20:09:31-08:00,0,0
style.css,149,css,1966e60d,smacoh,2025-01-31,20:09:31,-08:00,2025-01-31T20:09:31-08:00,0,0
style.css,150,css,1966e60d,smacoh,2025-01-31,20:09:31,-08:00,2025-01-31T20:09:31-08:00,0,14
style.css,151,css,1fa7e5f2,smacoh,2025-02-12,23:25:30,-08:00,2025-02-12T23:25:30-08:00,0,11
style.css,152,css,1fa7e5f2,smacoh,2025-02-12,23:25:30,-08:00,2025-02-12T23:25:30-08:00,0,41
style.css,153,css,1fa7e5f2,smacoh,2025-02-12,23:25:30,-08:00,2025-02-12T23:25:30-08:00,0,13
style.css,154,css,1fa7e5f2,smacoh,2025-02-12,23:25:30,-08:00,2025-02-12T23:25:30-08:00,0,38
style.css,155,css,1fa7e5f2,smacoh,2025-02-12,23:25:30,-08:00,2025-02-12T23:25:30-08:00,0,17
style.css,156,css,1fa7e5f2,smacoh,2025-02-12,23:25:30,-08:00,2025-02-12T23:25:30-08:00,0,56
style.css,157,css,1fa7e5f2,smacoh,2025-02-12,23:25:30,-08:00,2025-02-12T23:25:30-08:00,0,18
style.css,158,css,1fa7e5f2,smacoh,2025-02-12,23:25:30,-08:00,2025-02-12T23:25:30-08:00,0,48
style.css,159,css,3a60cc64,smacoh,2025-02-07,22:27:15,-08:00,2025-02-07T22:27:15-08:00,0,0
style.css,160,css,3a60cc64,smacoh,2025-02-07,22:27:15,-08:00,2025-02-07T22:27:15-08:00,0,0
style.css,161,css,3a60cc64,smacoh,2025-02-07,22:27:15,-08:00,2025-02-07T22:27:15-08:00,0,14
style.css,162,css,3a60cc64,smacoh,2025-02-07,22:27:15,-08:00,2025-02-07T22:27:15-08:00,0,24
style.css,163,css,3a60cc64,smacoh,2025-02-07,22:27:15,-08:00,2025-02-07T22:27:15-08:00,0,35
style.css,164,css,3a60cc64,smacoh,2025-02-07,22:27:15,-08:00,2025-02-07T22:27:15-08:00,0,0
style.css,165,css,3a60cc64,smacoh,2025-02-07,22:27:15,-08:00,2025-02-07T22:27:15-08:00,0,0
style.css,166,css,3a60cc64,smacoh,2025-02-07,22:27:15,-08:00,2025-02-07T22:27:15-08:00,0,19
style.css,167,css,3a60cc64,smacoh,2025-02-07,22:27:15,-08:00,2025-02-07T22:27:15-08:00,0,15
style.css,168,css,3a60cc64,smacoh,2025-02-07,22:27:15,-08:00,2025-02-07T22:27:15-08:00,0,17
style.css,169,css,1fa7e5f2,smacoh,2025-02-12,23:25:30,-08:00,2025-02-12T23:25:30-08:00,0,0
style.css,170,css,3a60cc64,smacoh,2025-02-07,22:27:15,-08:00,2025-02-07T22:27:15-08:00,0,23
style.css,171,css,3a60cc64,smacoh,2025-02-07,22:27:15,-08:00,2025-02-07T22:27:15-08:00,0,0
style.css,172,css,3a60cc64,smacoh,2025-02-07,22:27:15,-08:00,2025-02-07T22:27:15-08:00,0,0
style.css,173,css,3a60cc64,smacoh,2025-02-07,22:27:15,-08:00,2025-02-07T22:27:15-08:00,0,8
style.css,174,css,3a60cc64,smacoh,2025-02-07,22:27:15,-08:00,2025-02-07T22:27:15-08:00,0,10
style.css,175,css,3a60cc64,smacoh,2025-02-07,22:27:15,-08:00,2025-02-07T22:27:15-08:00,0,11
style.css,176,css,3a60cc64,smacoh,2025-02-07,22:27:15,-08:00,2025-02-07T22:27:15-08:00,0,19
style.css,177,css,3a60cc64,smacoh,2025-02-07,22:27:15,-08:00,2025-02-07T22:27:15-08:00,0,30
style.css,178,css,3a60cc64,smacoh,2025-02-07,22:27:15,-08:00,2025-02-07T22:27:15-08:00,0,18
style.css,179,css,3a60cc64,smacoh,2025-02-07,22:27:15,-08:00,2025-02-07T22:27:15-08:00,0,21
style.css,180,css,3a60cc64,smacoh,2025-02-07,22:27:15,-08:00,2025-02-07T22:27:15-08:00,0,0
style.css,181,css,3a60cc64,smacoh,2025-02-07,22:27:15,-08:00,2025-02-07T22:27:15-08:00,0,0
style.css,182,css,3a60cc64,smacoh,2025-02-07,22:27:15,-08:00,2025-02-07T22:27:15-08:00,0,8
style.css,183,css,3a60cc64,smacoh,2025-02-07,22:27:15,-08:00,2025-02-07T22:27:15-08:00,0,13
style.css,184,css,3a60cc64,smacoh,2025-02-07,22:27:15,-08:00,2025-02-07T22:27:15-08:00,0,58
style.css,185,css,3a60cc64,smacoh,2025-02-07,22:27:15,-08:00,2025-02-07T22:27:15-08:00,0,8
style.css,186,css,3a60cc64,smacoh,2025-02-07,22:27:15,-08:00,2025-02-07T22:27:15-08:00,0,16
style.css,187,css,3a60cc64,smacoh,2025-02-07,22:27:15,-08:00,2025-02-07T22:27:15-08:00,0,10
style.css,188,css,3a60cc64,smacoh,2025-02-07,22:27:15,-08:00,2025-02-07T22:27:15-08:00,0,15
style.css,189,css,3a60cc64,smacoh,2025-02-07,22:27:15,-08:00,2025-02-07T22:27:15-08:00,0,12
style.css,190,css,3a60cc64,smacoh,2025-02-07,22:27:15,-08:00,2025-02-07T22:27:15-08:00,0,13
style.css,191,css,3a60cc64,smacoh,2025-02-07,22:27:15,-08:00,2025-02-07T22:27:15-08:00,0,42
style.css,192,css,3a60cc64,smacoh,2025-02-07,22:27:15,-08:00,2025-02-07T22:27:15-08:00,0,7
style.css,193,css,3a60cc64,smacoh,2025-02-07,22:27:15,-08:00,2025-02-07T22:27:15-08:00,0,0
style.css,194,css,3a60cc64,smacoh,2025-02-07,22:27:15,-08:00,2025-02-07T22:27:15-08:00,0,0
style.css,195,css,3a60cc64,smacoh,2025-02-07,22:27:15,-08:00,2025-02-07T22:27:15-08:00,0,16
style.css,196,css,3a60cc64,smacoh,2025-02-07,22:27:15,-08:00,2025-02-07T22:27:15-08:00,0,13
style.css,197,css,3a60cc64,smacoh,2025-02-07,22:27:15,-08:00,2025-02-07T22:27:15-08:00,0,19
style.css,198,css,3a60cc64,smacoh,2025-02-07,22:27:15,-08:00,2025-02-07T22:27:15-08:00,0,10
style.css,199,css,3a60cc64,smacoh,2025-02-07,22:27:15,-08:00,2025-02-07T22:27:15-08:00,0,0
style.css,200,css,3a60cc64,smacoh,2025-02-07,22:27:15,-08:00,2025-02-07T22:27:15-08:00,0,0
style.css,201,css,3a60cc64,smacoh,2025-02-07,22:27:15,-08:00,2025-02-07T22:27:15-08:00,0,11
style.css,202,css,3a60cc64,smacoh,2025-02-07,22:27:15,-08:00,2025-02-07T22:27:15-08:00,0,13
style.css,203,css,3a60cc64,smacoh,2025-02-07,22:27:15,-08:00,2025-02-07T22:27:15-08:00,0,19
style.css,204,css,3a60cc64,smacoh,2025-02-07,22:27:15,-08:00,2025-02-07T22:27:15-08:00,0,10
style.css,205,css,6c8db628,smacoh,2025-02-07,23:09:45,-08:00,2025-02-07T23:09:45-08:00,0,15
style.css,206,css,3a60cc64,smacoh,2025-02-07,22:27:15,-08:00,2025-02-07T22:27:15-08:00,0,0
style.css,207,css,3a60cc64,smacoh,2025-02-07,22:27:15,-08:00,2025-02-07T22:27:15-08:00,0,0
style.css,208,css,3a60cc64,smacoh,2025-02-07,22:27:15,-08:00,2025-02-07T22:27:15-08:00,0,11
style.css,209,css,3a60cc64,smacoh,2025-02-07,22:27:15,-08:00,2025-02-07T22:27:15-08:00,0,13
style.css,210,css,3a60cc64,smacoh,2025-02-07,22:27:15,-08:00,2025-02-07T22:27:15-08:00,0,19
style.css,211,css,3a60cc64,smacoh,2025-02-07,22:27:15,-08:00,2025-02-07T22:27:15-08:00,0,23
style.css,212,css,3a60cc64,smacoh,2025-02-07,22:27:15,-08:00,2025-02-07T22:27:15-08:00,0,8
style.css,213,css,3a60cc64,smacoh,2025-02-07,22:27:15,-08:00,2025-02-07T22:27:15-08:00,0,0
style.css,214,css,3a60cc64,smacoh,2025-02-07,22:27:15,-08:00,2025-02-07T22:27:15-08:00,0,0
style.css,215,css,3a60cc64,smacoh,2025-02-07,22:27:15,-08:00,2025-02-07T22:27:15-08:00,0,11
style.css,216,css,3a60cc64,smacoh,2025-02-07,22:27:15,-08:00,2025-02-07T22:27:15-08:00,0,11
style.css,217,css,1fa7e5f2,smacoh,2025-02-12,23:25:30,-08:00,2025-02-12T23:25:30-08:00,0,12
style.css,218,css,1fa7e5f2,smacoh,2025-02-12,23:25:30,-08:00,2025-02-12T23:25:30-08:00,0,17
style.css,219,css,1fa7e5f2,smacoh,2025-02-12,23:25:30,-08:00,2025-02-12T23:25:30-08:00,0,13
style.css,220,css,1fa7e5f2,smacoh,2025-02-12,23:25:30,-08:00,2025-02-12T23:25:30-08:00,0,14
style.css,221,css,1fa7e5f2,smacoh,2025-02-12,23:25:30,-08:00,2025-02-12T23:25:30-08:00,0,17
style.css,222,css,3a60cc64,smacoh,2025-02-07,22:27:15,-08:00,2025-02-07T22:27:15-08:00,0,0
style.css,223,css,3a60cc64,smacoh,2025-02-07,22:27:15,-08:00,2025-02-07T22:27:15-08:00,0,0
style.css,224,css,3a60cc64,smacoh,2025-02-07,22:27:15,-08:00,2025-02-07T22:27:15-08:00,0,18
style.css,225,css,3a60cc64,smacoh,2025-02-07,22:27:15,-08:00,2025-02-07T22:27:15-08:00,0,17
style.css,226,css,3a60cc64,smacoh,2025-02-07,22:27:15,-08:00,2025-02-07T22:27:15-08:00,0,12
style.css,227,css,3a60cc64,smacoh,2025-02-07,22:27:15,-08:00,2025-02-07T22:27:15-08:00,0,0
style.css,228,css,3a60cc64,smacoh,2025-02-07,22:27:15,-08:00,2025-02-07T22:27:15-08:00,0,0
style.css,229,css,3a60cc64,smacoh,2025-02-07,22:27:15,-08:00,2025-02-07T22:27:15-08:00,0,0
style.css,230,css,3a60cc64,smacoh,2025-02-07,22:27:15,-08:00,2025-02-07T22:27:15-08:00,0,5
style.css,231,css,3a60cc64,smacoh,2025-02-07,22:27:15,-08:00,2025-02-07T22:27:15-08:00,0,17
style.css,232,css,3a60cc64,smacoh,2025-02-07,22:27:15,-08:00,2025-02-07T22:27:15-08:00,0,0
style.css,233,css,3a60cc64,smacoh,2025-02-07,22:27:15,-08:00,2025-02-07T22:27:15-08:00,0,0
style.css,234,css,3a60cc64,smacoh,2025-02-07,22:27:15,-08:00,2025-02-07T22:27:15-08:00,0,10
style.css,235,css,3a60cc64,smacoh,2025-02-07,22:27:15,-08:00,2025-02-07T22:27:15-08:00,0,36
style.css,236,css,3a60cc64,smacoh,2025-02-07,22:27:15,-08:00,2025-02-07T22:27:15-08:00,0,0
style.css,237,css,3a60cc64,smacoh,2025-02-07,22:27:15,-08:00,2025-02-07T22:27:15-08:00,0,11
style.css,238,css,3a60cc64,smacoh,2025-02-07,22:27:15,-08:00,2025-02-07T22:27:15-08:00,0,18
style.css,239,css,3a60cc64,smacoh,2025-02-07,22:27:15,-08:00,2025-02-07T22:27:15-08:00,0,0
style.css,240,css,3a60cc64,smacoh,2025-02-07,22:27:15,-08:00,2025-02-07T22:27:15-08:00,0,0
style.css,241,css,3a60cc64,smacoh,2025-02-07,22:27:15,-08:00,2025-02-07T22:27:15-08:00,0,0
style.css,242,css,3a60cc64,smacoh,2025-02-07,22:27:15,-08:00,2025-02-07T22:27:15-08:00,0,0
style.css,243,css,3a60cc64,smacoh,2025-02-07,22:27:15,-08:00,2025-02-07T22:27:15-08:00,0,5
style.css,244,css,3a60cc64,smacoh,2025-02-07,22:27:15,-08:00,2025-02-07T22:27:15-08:00,0,15
style.css,245,css,7050a7ce,smacoh,2025-01-17,14:32:01,-08:00,2025-01-17T14:32:01-08:00,0,0
index.js,1,js,1966e60d,smacoh,2025-01-31,20:09:31,-08:00,2025-01-31T20:09:31-08:00,0,72
index.js,2,js,1966e60d,smacoh,2025-01-31,20:09:31,-08:00,2025-01-31T20:09:31-08:00,0,55
index.js,3,js,1966e60d,smacoh,2025-01-31,20:09:31,-08:00,2025-01-31T20:09:31-08:00,0,43
index.js,4,js,1fa7e5f2,smacoh,2025-02-12,23:25:30,-08:00,2025-02-12T23:25:30-08:00,0,93
index.js,5,js,1966e60d,smacoh,2025-01-31,20:09:31,-08:00,2025-01-31T20:09:31-08:00,0,55
index.js,6,js,1966e60d,smacoh,2025-01-31,20:09:31,-08:00,2025-01-31T20:09:31-08:00,0,0
index.js,7,js,06ff5263,smacoh,2025-01-31,21:45:16,-08:00,2025-01-31T21:45:16-08:00,0,0
index.js,8,js,1966e60d,smacoh,2025-01-31,20:09:31,-08:00,2025-01-31T20:09:31-08:00,0,52
index.js,9,js,1966e60d,smacoh,2025-01-31,20:09:31,-08:00,2025-01-31T20:09:31-08:00,0,50
index.js,10,js,1966e60d,smacoh,2025-01-31,20:09:31,-08:00,2025-01-31T20:09:31-08:00,0,61
index.js,11,js,1966e60d,smacoh,2025-01-31,20:09:31,-08:00,2025-01-31T20:09:31-08:00,0,18
index.js,12,js,1fa7e5f2,smacoh,2025-02-12,23:25:30,-08:00,2025-02-12T23:25:30-08:00,0,25
index.js,13,js,06ff5263,smacoh,2025-01-31,21:45:16,-08:00,2025-01-31T21:45:16-08:00,0,0
index.js,14,js,1966e60d,smacoh,2025-01-31,20:09:31,-08:00,2025-01-31T20:09:31-08:00,0,3
index.js,15,js,1966e60d,smacoh,2025-01-31,20:09:31,-08:00,2025-01-31T20:09:31-08:00,0,56
index.js,16,js,1966e60d,smacoh,2025-01-31,20:09:31,-08:00,2025-01-31T20:09:31-08:00,0,56
index.js,17,js,1966e60d,smacoh,2025-01-31,20:09:31,-08:00,2025-01-31T20:09:31-08:00,0,50
index.js,18,js,1966e60d,smacoh,2025-01-31,20:09:31,-08:00,2025-01-31T20:09:31-08:00,0,50
index.js,19,js,1966e60d,smacoh,2025-01-31,20:09:31,-08:00,2025-01-31T20:09:31-08:00,0,4
index.js,20,js,1966e60d,smacoh,2025-01-31,20:09:31,-08:00,2025-01-31T20:09:31-08:00,0,1
index.js,21,js,1966e60d,smacoh,2025-01-31,20:09:31,-08:00,2025-01-31T20:09:31-08:00,0,0
index.html,1,html,60dc3a61,smacoh,2025-01-09,23:03:35,-08:00,2025-01-09T23:03:35-08:00,0,14
index.html,2,html,68999a2c,smacoh,2025-01-24,18:47:02,-08:00,2025-01-24T18:47:02-08:00,0,28
index.html,3,html,1fa7e5f2,smacoh,2025-02-12,23:25:30,-08:00,2025-02-12T23:25:30-08:00,0,0
index.html,4,html,60dc3a61,smacoh,2025-01-09,23:03:35,-08:00,2025-01-09T23:03:35-08:00,0,5
index.html,5,html,60dc3a61,smacoh,2025-01-09,23:03:35,-08:00,2025-01-09T23:03:35-08:00,0,21
index.html,6,html,60dc3a61,smacoh,2025-01-09,23:03:35,-08:00,2025-01-09T23:03:35-08:00,0,69
index.html,7,html,60dc3a61,smacoh,2025-01-09,23:03:35,-08:00,2025-01-09T23:03:35-08:00,0,53
index.html,8,html,99818053,smacoh,2025-01-10,19:19:46,-08:00,2025-01-10T19:19:46-08:00,0,39
index.html,9,html,68999a2c,smacoh,2025-01-24,18:47:02,-08:00,2025-01-24T18:47:02-08:00,0,46
index.html,10,html,1966e60d,smacoh,2025-01-31,20:09:31,-08:00,2025-01-31T20:09:31-08:00,0,51
index.html,11,html,60dc3a61,smacoh,2025-01-09,23:03:35,-08:00,2025-01-09T23:03:35-08:00,0,6
index.html,12,html,1fa7e5f2,smacoh,2025-02-12,23:25:30,-08:00,2025-02-12T23:25:30-08:00,0,0
index.html,13,html,60dc3a61,smacoh,2025-01-09,23:03:35,-08:00,2025-01-09T23:03:35-08:00,0,5
index.html,14,html,60fdc933,smacoh,2025-01-16,23:57:46,-08:00,2025-01-16T23:57:46-08:00,0,18
index.html,15,html,9997b19c,smacoh,2025-01-16,13:42:46,-08:00,2025-01-16T13:42:46-08:00,0,94
index.html,16,html,bc61abba,smacoh,2025-01-10,19:43:40,-08:00,2025-01-10T19:43:40-08:00,0,71
index.html,17,html,1966e60d,smacoh,2025-01-31,20:09:31,-08:00,2025-01-31T20:09:31-08:00,0,23
index.html,18,html,1966e60d,smacoh,2025-01-31,20:09:31,-08:00,2025-01-31T20:09:31-08:00,0,21
index.html,19,html,1966e60d,smacoh,2025-01-31,20:09:31,-08:00,2025-01-31T20:09:31-08:00,0,50
index.html,20,html,1966e60d,smacoh,2025-01-31,20:09:31,-08:00,2025-01-31T20:09:31-08:00,0,5
index.html,21,html,1966e60d,smacoh,2025-01-31,20:09:31,-08:00,2025-01-31T20:09:31-08:00,0,23
index.html,22,html,1966e60d,smacoh,2025-01-31,20:09:31,-08:00,2025-01-31T20:09:31-08:00,0,29
index.html,23,html,60dc3a61,smacoh,2025-01-09,23:03:35,-08:00,2025-01-09T23:03:35-08:00,0,6
index.html,24,html,1fa7e5f2,smacoh,2025-02-12,23:25:30,-08:00,2025-02-12T23:25:30-08:00,0,0
index.html,25,html,60aef824,smacoh,2025-01-16,19:30:56,-08:00,2025-01-16T19:30:56-08:00,0,6
global.js,1,js,68999a2c,smacoh,2025-01-24,18:47:02,-08:00,2025-01-24T18:47:02-08:00,0,26
global.js,2,js,68999a2c,smacoh,2025-01-24,18:47:02,-08:00,2025-01-24T18:47:02-08:00,0,0
global.js,3,js,68999a2c,smacoh,2025-01-24,18:47:02,-08:00,2025-01-24T18:47:02-08:00,0,42
global.js,4,js,1fa7e5f2,smacoh,2025-02-12,23:25:30,-08:00,2025-02-12T23:25:30-08:00,0,53
global.js,5,js,68999a2c,smacoh,2025-01-24,18:47:02,-08:00,2025-01-24T18:47:02-08:00,0,0
global.js,6,js,68999a2c,smacoh,2025-01-24,18:47:02,-08:00,2025-01-24T18:47:02-08:00,0,0
global.js,7,js,68999a2c,smacoh,2025-01-24,18:47:02,-08:00,2025-01-24T18:47:02-08:00,0,12
global.js,8,js,68999a2c,smacoh,2025-01-24,18:47:02,-08:00,2025-01-24T18:47:02-08:00,0,26
global.js,9,js,68999a2c,smacoh,2025-01-24,18:47:02,-08:00,2025-01-24T18:47:02-08:00,0,39
global.js,10,js,68999a2c,smacoh,2025-01-24,18:47:02,-08:00,2025-01-24T18:47:02-08:00,0,37
global.js,11,js,68999a2c,smacoh,2025-01-24,18:47:02,-08:00,2025-01-24T18:47:02-08:00,0,35
global.js,12,js,1fa7e5f2,smacoh,2025-02-12,23:25:30,-08:00,2025-02-12T23:25:30-08:00,0,31
global.js,13,js,68999a2c,smacoh,2025-01-24,18:47:02,-08:00,2025-01-24T18:47:02-08:00,0,60
global.js,14,js,68999a2c,smacoh,2025-01-24,18:47:02,-08:00,2025-01-24T18:47:02-08:00,0,1
global.js,15,js,68999a2c,smacoh,2025-01-24,18:47:02,-08:00,2025-01-24T18:47:02-08:00,0,0
global.js,16,js,68999a2c,smacoh,2025-01-24,18:47:02,-08:00,2025-01-24T18:47:02-08:00,0,39
global.js,17,js,68999a2c,smacoh,2025-01-24,18:47:02,-08:00,2025-01-24T18:47:02-08:00,0,26
global.js,18,js,68999a2c,smacoh,2025-01-24,18:47:02,-08:00,2025-01-24T18:47:02-08:00,0,0
global.js,19,js,68999a2c,smacoh,2025-01-24,18:47:02,-08:00,2025-01-24T18:47:02-08:00,0,71
global.js,20,js,68999a2c,smacoh,2025-01-24,18:47:02,-08:00,2025-01-24T18:47:02-08:00,0,0
global.js,21,js,68999a2c,smacoh,2025-01-24,18:47:02,-08:00,2025-01-24T18:47:02-08:00,0,21
global.js,22,js,68999a2c,smacoh,2025-01-24,18:47:02,-08:00,2025-01-24T18:47:02-08:00,0,15
global.js,23,js,1fa7e5f2,smacoh,2025-02-12,23:25:30,-08:00,2025-02-12T23:25:30-08:00,0,0
global.js,24,js,68999a2c,smacoh,2025-01-24,18:47:02,-08:00,2025-01-24T18:47:02-08:00,0,45
global.js,25,js,68999a2c,smacoh,2025-01-24,18:47:02,-08:00,2025-01-24T18:47:02-08:00,0,17
global.js,26,js,68999a2c,smacoh,2025-01-24,18:47:02,-08:00,2025-01-24T18:47:02-08:00,0,0
global.js,27,js,68999a2c,smacoh,2025-01-24,18:47:02,-08:00,2025-01-24T18:47:02-08:00,0,19
global.js,28,js,68999a2c,smacoh,2025-01-24,18:47:02,-08:00,2025-01-24T18:47:02-08:00,0,32
global.js,29,js,68999a2c,smacoh,2025-01-24,18:47:02,-08:00,2025-01-24T18:47:02-08:00,0,35
global.js,30,js,68999a2c,smacoh,2025-01-24,18:47:02,-08:00,2025-01-24T18:47:02-08:00,0,12
global.js,31,js,68999a2c,smacoh,2025-01-24,18:47:02,-08:00,2025-01-24T18:47:02-08:00,0,21
global.js,32,js,68999a2c,smacoh,2025-01-24,18:47:02,-08:00,2025-01-24T18:47:02-08:00,0,13
global.js,33,js,68999a2c,smacoh,2025-01-24,18:47:02,-08:00,2025-01-24T18:47:02-08:00,0,0
global.js,34,js,68999a2c,smacoh,2025-01-24,18:47:02,-08:00,2025-01-24T18:47:02-08:00,0,66
global.js,35,js,68999a2c,smacoh,2025-01-24,18:47:02,-08:00,2025-01-24T18:47:02-08:00,0,26
global.js,36,js,68999a2c,smacoh,2025-01-24,18:47:02,-08:00,2025-01-24T18:47:02-08:00,0,0
global.js,37,js,68999a2c,smacoh,2025-01-24,18:47:02,-08:00,2025-01-24T18:47:02-08:00,0,29
global.js,38,js,1fa7e5f2,smacoh,2025-02-12,23:25:30,-08:00,2025-02-12T23:25:30-08:00,0,18
global.js,39,js,68999a2c,smacoh,2025-01-24,18:47:02,-08:00,2025-01-24T18:47:02-08:00,0,0
global.js,40,js,68999a2c,smacoh,2025-01-24,18:47:02,-08:00,2025-01-24T18:47:02-08:00,0,0
global.js,41,js,68999a2c,smacoh,2025-01-24,18:47:02,-08:00,2025-01-24T18:47:02-08:00,0,0
global.js,42,js,68999a2c,smacoh,2025-01-24,18:47:02,-08:00,2025-01-24T18:47:02-08:00,0,0
global.js,43,js,68999a2c,smacoh,2025-01-24,18:47:02,-08:00,2025-01-24T18:47:02-08:00,0,120
global.js,44,js,68999a2c,smacoh,2025-01-24,18:47:02,-08:00,2025-01-24T18:47:02-08:00,0,32
global.js,45,js,1fa7e5f2,smacoh,2025-02-12,23:25:30,-08:00,2025-02-12T23:25:30-08:00,0,12
global.js,46,js,1fa7e5f2,smacoh,2025-02-12,23:25:30,-08:00,2025-02-12T23:25:30-08:00,0,0
global.js,47,js,68999a2c,smacoh,2025-01-24,18:47:02,-08:00,2025-01-24T18:47:02-08:00,0,27
global.js,48,js,68999a2c,smacoh,2025-01-24,18:47:02,-08:00,2025-01-24T18:47:02-08:00,0,5
global.js,49,js,68999a2c,smacoh,2025-01-24,18:47:02,-08:00,2025-01-24T18:47:02-08:00,0,7
global.js,50,js,68999a2c,smacoh,2025-01-24,18:47:02,-08:00,2025-01-24T18:47:02-08:00,0,56
global.js,51,js,68999a2c,smacoh,2025-01-24,18:47:02,-08:00,2025-01-24T18:47:02-08:00,0,35
global.js,52,js,68999a2c,smacoh,2025-01-24,18:47:02,-08:00,2025-01-24T18:47:02-08:00,0,33
global.js,53,js,68999a2c,smacoh,2025-01-24,18:47:02,-08:00,2025-01-24T18:47:02-08:00,0,8
global.js,54,js,68999a2c,smacoh,2025-01-24,18:47:02,-08:00,2025-01-24T18:47:02-08:00,0,8
global.js,55,js,68999a2c,smacoh,2025-01-24,18:47:02,-08:00,2025-01-24T18:47:02-08:00,0,1
global.js,56,js,68999a2c,smacoh,2025-01-24,18:47:02,-08:00,2025-01-24T18:47:02-08:00,0,0
global.js,57,js,68999a2c,smacoh,2025-01-24,18:47:02,-08:00,2025-01-24T18:47:02-08:00,0,46
global.js,58,js,68999a2c,smacoh,2025-01-24,18:47:02,-08:00,2025-01-24T18:47:02-08:00,0,50
global.js,59,js,68999a2c,smacoh,2025-01-24,18:47:02,-08:00,2025-01-24T18:47:02-08:00,0,58
global.js,60,js,68999a2c,smacoh,2025-01-24,18:47:02,-08:00,2025-01-24T18:47:02-08:00,0,78
global.js,61,js,68999a2c,smacoh,2025-01-24,18:47:02,-08:00,2025-01-24T18:47:02-08:00,0,45
global.js,62,js,68999a2c,smacoh,2025-01-24,18:47:02,-08:00,2025-01-24T18:47:02-08:00,0,2
global.js,63,js,68999a2c,smacoh,2025-01-24,18:47:02,-08:00,2025-01-24T18:47:02-08:00,0,0
global.js,64,js,68999a2c,smacoh,2025-01-24,18:47:02,-08:00,2025-01-24T18:47:02-08:00,0,35
global.js,65,js,68999a2c,smacoh,2025-01-24,18:47:02,-08:00,2025-01-24T18:47:02-08:00,0,84
global.js,66,js,68999a2c,smacoh,2025-01-24,18:47:02,-08:00,2025-01-24T18:47:02-08:00,0,39
global.js,67,js,68999a2c,smacoh,2025-01-24,18:47:02,-08:00,2025-01-24T18:47:02-08:00,0,0
global.js,68,js,68999a2c,smacoh,2025-01-24,18:47:02,-08:00,2025-01-24T18:47:02-08:00,0,0
global.js,69,js,68999a2c,smacoh,2025-01-24,18:47:02,-08:00,2025-01-24T18:47:02-08:00,0,42
global.js,70,js,68999a2c,smacoh,2025-01-24,18:47:02,-08:00,2025-01-24T18:47:02-08:00,0,50
global.js,71,js,68999a2c,smacoh,2025-01-24,18:47:02,-08:00,2025-01-24T18:47:02-08:00,0,22
global.js,72,js,68999a2c,smacoh,2025-01-24,18:47:02,-08:00,2025-01-24T18:47:02-08:00,0,31
global.js,73,js,68999a2c,smacoh,2025-01-24,18:47:02,-08:00,2025-01-24T18:47:02-08:00,0,26
global.js,74,js,68999a2c,smacoh,2025-01-24,18:47:02,-08:00,2025-01-24T18:47:02-08:00,0,32
global.js,75,js,68999a2c,smacoh,2025-01-24,18:47:02,-08:00,2025-01-24T18:47:02-08:00,0,50
global.js,76,js,68999a2c,smacoh,2025-01-24,18:47:02,-08:00,2025-01-24T18:47:02-08:00,0,44
global.js,77,js,68999a2c,smacoh,2025-01-24,18:47:02,-08:00,2025-01-24T18:47:02-08:00,0,0
global.js,78,js,68999a2c,smacoh,2025-01-24,18:47:02,-08:00,2025-01-24T18:47:02-08:00,0,22
global.js,79,js,68999a2c,smacoh,2025-01-24,18:47:02,-08:00,2025-01-24T18:47:02-08:00,0,15
global.js,80,js,68999a2c,smacoh,2025-01-24,18:47:02,-08:00,2025-01-24T18:47:02-08:00,0,19
global.js,81,js,68999a2c,smacoh,2025-01-24,18:47:02,-08:00,2025-01-24T18:47:02-08:00,0,2
global.js,82,js,1966e60d,smacoh,2025-01-31,20:09:31,-08:00,2025-01-31T20:09:31-08:00,0,0
global.js,83,js,1966e60d,smacoh,2025-01-31,20:09:31,-08:00,2025-01-31T20:09:31-08:00,0,64
global.js,84,js,1966e60d,smacoh,2025-01-31,20:09:31,-08:00,2025-01-31T20:09:31-08:00,0,37
global.js,85,js,1966e60d,smacoh,2025-01-31,20:09:31,-08:00,2025-01-31T20:09:31-08:00,0,4
global.js,86,js,1966e60d,smacoh,2025-01-31,20:09:31,-08:00,2025-01-31T20:09:31-08:00,0,40
global.js,87,js,1966e60d,smacoh,2025-01-31,20:09:31,-08:00,2025-01-31T20:09:31-08:00,0,33
global.js,88,js,1966e60d,smacoh,2025-01-31,20:09:31,-08:00,2025-01-31T20:09:31-08:00,0,18
global.js,89,js,1966e60d,smacoh,2025-01-31,20:09:31,-08:00,2025-01-31T20:09:31-08:00,0,67
global.js,90,js,1966e60d,smacoh,2025-01-31,20:09:31,-08:00,2025-01-31T20:09:31-08:00,0,0
global.js,91,js,1966e60d,smacoh,2025-01-31,20:09:31,-08:00,2025-01-31T20:09:31-08:00,0,20
global.js,92,js,1966e60d,smacoh,2025-01-31,20:09:31,-08:00,2025-01-31T20:09:31-08:00,0,34
global.js,93,js,1966e60d,smacoh,2025-01-31,20:09:31,-08:00,2025-01-31T20:09:31-08:00,0,16
global.js,94,js,1966e60d,smacoh,2025-01-31,20:09:31,-08:00,2025-01-31T20:09:31-08:00,0,11
global.js,95,js,1966e60d,smacoh,2025-01-31,20:09:31,-08:00,2025-01-31T20:09:31-08:00,0,0
global.js,96,js,1966e60d,smacoh,2025-01-31,20:09:31,-08:00,2025-01-31T20:09:31-08:00,0,16
global.js,97,js,1966e60d,smacoh,2025-01-31,20:09:31,-08:00,2025-01-31T20:09:31-08:00,0,60
global.js,98,js,1966e60d,smacoh,2025-01-31,20:09:31,-08:00,2025-01-31T20:09:31-08:00,0,0
global.js,99,js,1966e60d,smacoh,2025-01-31,20:09:31,-08:00,2025-01-31T20:09:31-08:00,0,0
global.js,100,js,1966e60d,smacoh,2025-01-31,20:09:31,-08:00,2025-01-31T20:09:31-08:00,0,0
global.js,101,js,1966e60d,smacoh,2025-01-31,20:09:31,-08:00,2025-01-31T20:09:31-08:00,0,0
global.js,102,js,1966e60d,smacoh,2025-01-31,20:09:31,-08:00,2025-01-31T20:09:31-08:00,0,46
global.js,103,js,1966e60d,smacoh,2025-01-31,20:09:31,-08:00,2025-01-31T20:09:31-08:00,0,79
global.js,104,js,1966e60d,smacoh,2025-01-31,20:09:31,-08:00,2025-01-31T20:09:31-08:00,0,84
global.js,105,js,1966e60d,smacoh,2025-01-31,20:09:31,-08:00,2025-01-31T20:09:31-08:00,0,58
global.js,106,js,1fa7e5f2,smacoh,2025-02-12,23:25:30,-08:00,2025-02-12T23:25:30-08:00,0,86
global.js,107,js,1966e60d,smacoh,2025-01-31,20:09:31,-08:00,2025-01-31T20:09:31-08:00,0,0
global.js,108,js,1966e60d,smacoh,2025-01-31,20:09:31,-08:00,2025-01-31T20:09:31-08:00,0,31
global.js,109,js,1966e60d,smacoh,2025-01-31,20:09:31,-08:00,2025-01-31T20:09:31-08:00,0,23
global.js,110,js,1966e60d,smacoh,2025-01-31,20:09:31,-08:00,2025-01-31T20:09:31-08:00,0,49
global.js,111,js,1966e60d,smacoh,2025-01-31,20:09:31,-08:00,2025-01-31T20:09:31-08:00,0,20
global.js,112,js,1966e60d,smacoh,2025-01-31,20:09:31,-08:00,2025-01-31T20:09:31-08:00,0,18
global.js,113,js,1966e60d,smacoh,2025-01-31,20:09:31,-08:00,2025-01-31T20:09:31-08:00,0,38
global.js,114,js,3a60cc64,smacoh,2025-02-07,22:27:15,-08:00,2025-02-07T22:27:15-08:00,0,25
global.js,115,js,3a60cc64,smacoh,2025-02-07,22:27:15,-08:00,2025-02-07T22:27:15-08:00,0,22
global.js,116,js,3a60cc64,smacoh,2025-02-07,22:27:15,-08:00,2025-02-07T22:27:15-08:00,0,39
global.js,117,js,3a60cc64,smacoh,2025-02-07,22:27:15,-08:00,2025-02-07T22:27:15-08:00,0,5
global.js,118,js,1966e60d,smacoh,2025-01-31,20:09:31,-08:00,2025-01-31T20:09:31-08:00,0,1
global.js,119,js,1966e60d,smacoh,2025-01-31,20:09:31,-08:00,2025-01-31T20:09:31-08:00,0,37
global.js,120,js,1966e60d,smacoh,2025-01-31,20:09:31,-08:00,2025-01-31T20:09:31-08:00,0,0
global.js,121,js,1966e60d,smacoh,2025-01-31,20:09:31,-08:00,2025-01-31T20:09:31-08:00,0,0
global.js,122,js,1966e60d,smacoh,2025-01-31,20:09:31,-08:00,2025-01-31T20:09:31-08:00,0,63
global.js,123,js,1966e60d,smacoh,2025-01-31,20:09:31,-08:00,2025-01-31T20:09:31-08:00,0,19
global.js,124,js,1966e60d,smacoh,2025-01-31,20:09:31,-08:00,2025-01-31T20:09:31-08:00,0,56
global.js,125,js,1966e60d,smacoh,2025-01-31,20:09:31,-08:00,2025-01-31T20:09:31-08:00,0,0
global.js,126,js,1966e60d,smacoh,2025-01-31,20:09:31,-08:00,2025-01-31T20:09:31-08:00,0,0
global.js,127,js,1966e60d,smacoh,2025-01-31,20:09:31,-08:00,2025-01-31T20:09:31-08:00,0,0
global.js,128,js,1966e60d,smacoh,2025-01-31,20:09:31,-08:00,2025-01-31T20:09:31-08:00,0,52
global.js,129,js,1966e60d,smacoh,2025-01-31,20:09:31,-08:00,2025-01-31T20:09:31-08:00,0,48
global.js,130,js,1966e60d,smacoh,2025-01-31,20:09:31,-08:00,2025-01-31T20:09:31-08:00,0,60
global.js,131,js,1966e60d,smacoh,2025-01-31,20:09:31,-08:00,2025-01-31T20:09:31-08:00,0,0
resume/index.html,1,html,b4703737,smacoh,2025-01-10,20:32:52,-08:00,2025-01-10T20:32:52-08:00,0,14
resume/index.html,2,html,b4703737,smacoh,2025-01-10,20:32:52,-08:00,2025-01-10T20:32:52-08:00,0,15
resume/index.html,3,html,1fa7e5f2,smacoh,2025-02-12,23:25:30,-08:00,2025-02-12T23:25:30-08:00,0,0
resume/index.html,4,html,b4703737,smacoh,2025-01-10,20:32:52,-08:00,2025-01-10T20:32:52-08:00,0,5
resume/index.html,5,html,b4703737,smacoh,2025-01-10,20:32:52,-08:00,2025-01-10T20:32:52-08:00,0,21
resume/index.html,6,html,b4703737,smacoh,2025-01-10,20:32:52,-08:00,2025-01-10T20:32:52-08:00,0,69
resume/index.html,7,html,b4703737,smacoh,2025-01-10,20:32:52,-08:00,2025-01-10T20:32:52-08:00,0,23
resume/index.html,8,html,679a3a74,smacoh,2025-01-16,19:45:17,-08:00,2025-01-16T19:45:17-08:00,0,42
resume/index.html,9,html,68999a2c,smacoh,2025-01-24,18:47:02,-08:00,2025-01-24T18:47:02-08:00,0,49
resume/index.html,10,html,b4703737,smacoh,2025-01-10,20:32:52,-08:00,2025-01-10T20:32:52-08:00,0,6
resume/index.html,11,html,1fa7e5f2,smacoh,2025-02-12,23:25:30,-08:00,2025-02-12T23:25:30-08:00,0,0
resume/index.html,12,html,b4703737,smacoh,2025-01-10,20:32:52,-08:00,2025-01-10T20:32:52-08:00,0,5
resume/index.html,13,html,60bc0d9f,smacoh,2025-01-10,20:41:42,-08:00,2025-01-10T20:41:42-08:00,0,16
resume/index.html,14,html,60bc0d9f,smacoh,2025-01-10,20:41:42,-08:00,2025-01-10T20:41:42-08:00,0,20
resume/index.html,15,html,60bc0d9f,smacoh,2025-01-10,20:41:42,-08:00,2025-01-10T20:41:42-08:00,0,8
resume/index.html,16,html,60bc0d9f,smacoh,2025-01-10,20:41:42,-08:00,2025-01-10T20:41:42-08:00,0,2
resume/index.html,17,html,1fa7e5f2,smacoh,2025-02-12,23:25:30,-08:00,2025-02-12T23:25:30-08:00,0,27
resume/index.html,18,html,1fa7e5f2,smacoh,2025-02-12,23:25:30,-08:00,2025-02-12T23:25:30-08:00,0,30
resume/index.html,19,html,1fa7e5f2,smacoh,2025-02-12,23:25:30,-08:00,2025-02-12T23:25:30-08:00,0,26
resume/index.html,20,html,1fa7e5f2,smacoh,2025-02-12,23:25:30,-08:00,2025-02-12T23:25:30-08:00,0,24
resume/index.html,21,html,1fa7e5f2,smacoh,2025-02-12,23:25:30,-08:00,2025-02-12T23:25:30-08:00,0,17
resume/index.html,22,html,1fa7e5f2,smacoh,2025-02-12,23:25:30,-08:00,2025-02-12T23:25:30-08:00,0,19
resume/index.html,23,html,1fa7e5f2,smacoh,2025-02-12,23:25:30,-08:00,2025-02-12T23:25:30-08:00,0,30
resume/index.html,24,html,1fa7e5f2,smacoh,2025-02-12,23:25:30,-08:00,2025-02-12T23:25:30-08:00,0,5
resume/index.html,25,html,1fa7e5f2,smacoh,2025-02-12,23:25:30,-08:00,2025-02-12T23:25:30-08:00,0,7
resume/index.html,26,html,1fa7e5f2,smacoh,2025-02-12,23:25:30,-08:00,2025-02-12T23:25:30-08:00,0,50
resume/index.html,27,html,1fa7e5f2,smacoh,2025-02-12,23:25:30,-08:00,2025-02-12T23:25:30-08:00,0,11
resume/index.html,28,html,1fa7e5f2,smacoh,2025-02-12,23:25:30,-08:00,2025-02-12T23:25:30-08:00,0,12
resume/index.html,29,html,1fa7e5f2,smacoh,2025-02-12,23:25:30,-08:00,2025-02-12T23:25:30-08:00,0,15
resume/index.html,30,html,1fa7e5f2,smacoh,2025-02-12,23:25:30,-08:00,2025-02-12T23:25:30-08:00,0,15
resume/index.html,31,html,1fa7e5f2,smacoh,2025-02-12,23:25:30,-08:00,2025-02-12T23:25:30-08:00,0,18
resume/index.html,32,html,1fa7e5f2,smacoh,2025-02-12,23:25:30,-08:00,2025-02-12T23:25:30-08:00,0,17
resume/index.html,33,html,1fa7e5f2,smacoh,2025-02-12,23:25:30,-08:00,2025-02-12T23:25:30-08:00,0,7
resume/index.html,34,html,1fa7e5f2,smacoh,2025-02-12,23:25:30,-08:00,2025-02-12T23:25:30-08:00,0,14
resume/index.html,35,html,60bc0d9f,smacoh,2025-01-10,20:41:42,-08:00,2025-01-10T20:41:42-08:00,0,0
resume/index.html,36,html,1fa7e5f2,smacoh,2025-02-12,23:25:30,-08:00,2025-02-12T23:25:30-08:00,0,106
resume/index.html,37,html,1fa7e5f2,smacoh,2025-02-12,23:25:30,-08:00,2025-02-12T23:25:30-08:00,0,91
resume/index.html,38,html,1fa7e5f2,smacoh,2025-02-12,23:25:30,-08:00,2025-02-12T23:25:30-08:00,0,33
resume/index.html,39,html,1fa7e5f2,smacoh,2025-02-12,23:25:30,-08:00,2025-02-12T23:25:30-08:00,0,7
resume/index.html,40,html,1fa7e5f2,smacoh,2025-02-12,23:25:30,-08:00,2025-02-12T23:25:30-08:00,0,106
resume/index.html,41,html,1fa7e5f2,smacoh,2025-02-12,23:25:30,-08:00,2025-02-12T23:25:30-08:00,0,106
resume/index.html,42,html,1fa7e5f2,smacoh,2025-02-12,23:25:30,-08:00,2025-02-12T23:25:30-08:00,0,102
resume/index.html,43,html,1fa7e5f2,smacoh,2025-02-12,23:25:30,-08:00,2025-02-12T23:25:30-08:00,0,57
resume/index.html,44,html,1fa7e5f2,smacoh,2025-02-12,23:25:30,-08:00,2025-02-12T23:25:30-08:00,0,7
resume/index.html,45,html,1fa7e5f2,smacoh,2025-02-12,23:25:30,-08:00,2025-02-12T23:25:30-08:00,0,103
resume/index.html,46,html,1fa7e5f2,smacoh,2025-02-12,23:25:30,-08:00,2025-02-12T23:25:30-08:00,0,104
resume/index.html,47,html,1fa7e5f2,smacoh,2025-02-12,23:25:30,-08:00,2025-02-12T23:25:30-08:00,0,48
resume/index.html,48,html,1fa7e5f2,smacoh,2025-02-12,23:25:30,-08:00,2025-02-12T23:25:30-08:00,0,7
resume/index.html,49,html,1fa7e5f2,smacoh,2025-02-12,23:25:30,-08:00,2025-02-12T23:25:30-08:00,0,9
resume/index.html,50,html,1fa7e5f2,smacoh,2025-02-12,23:25:30,-08:00,2025-02-12T23:25:30-08:00,0,11
resume/index.html,51,html,1fa7e5f2,smacoh,2025-02-12,23:25:30,-08:00,2025-02-12T23:25:30-08:00,0,9
resume/index.html,52,html,60bc0d9f,smacoh,2025-01-10,20:41:42,-08:00,2025-01-10T20:41:42-08:00,0,3
resume/index.html,53,html,d8014f18,smacoh,2025-01-10,21:16:03,-08:00,2025-01-10T21:16:03-08:00,0,9
resume/index.html,54,html,d8014f18,smacoh,2025-01-10,21:16:03,-08:00,2025-01-10T21:16:03-08:00,0,9
resume/index.html,55,html,60bc0d9f,smacoh,2025-01-10,20:41:42,-08:00,2025-01-10T20:41:42-08:00,0,0
resume/index.html,56,html,d8014f18,smacoh,2025-01-10,21:16:03,-08:00,2025-01-10T21:16:03-08:00,0,20
resume/index.html,57,html,d8014f18,smacoh,2025-01-10,21:16:03,-08:00,2025-01-10T21:16:03-08:00,0,14
resume/index.html,58,html,d8014f18,smacoh,2025-01-10,21:16:03,-08:00,2025-01-10T21:16:03-08:00,0,8
resume/index.html,59,html,9ac84fa0,smacoh,2025-01-16,23:49:11,-08:00,2025-01-16T23:49:11-08:00,0,18
resume/index.html,60,html,d8014f18,smacoh,2025-01-10,21:16:03,-08:00,2025-01-10T21:16:03-08:00,0,69
resume/index.html,61,html,d8014f18,smacoh,2025-01-10,21:16:03,-08:00,2025-01-10T21:16:03-08:00,0,9
resume/index.html,62,html,d8014f18,smacoh,2025-01-10,21:16:03,-08:00,2025-01-10T21:16:03-08:00,0,3
resume/index.html,63,html,d8014f18,smacoh,2025-01-10,21:16:03,-08:00,2025-01-10T21:16:03-08:00,0,8
resume/index.html,64,html,9ac84fa0,smacoh,2025-01-16,23:49:11,-08:00,2025-01-16T23:49:11-08:00,0,15
resume/index.html,65,html,1fa7e5f2,smacoh,2025-02-12,23:25:30,-08:00,2025-02-12T23:25:30-08:00,0,107
resume/index.html,66,html,1fa7e5f2,smacoh,2025-02-12,23:25:30,-08:00,2025-02-12T23:25:30-08:00,0,24
resume/index.html,67,html,d8014f18,smacoh,2025-01-10,21:16:03,-08:00,2025-01-10T21:16:03-08:00,0,9
resume/index.html,68,html,d8014f18,smacoh,2025-01-10,21:16:03,-08:00,2025-01-10T21:16:03-08:00,0,8
resume/index.html,69,html,9ac84fa0,smacoh,2025-01-16,23:49:11,-08:00,2025-01-16T23:49:11-08:00,0,17
resume/index.html,70,html,9ac84fa0,smacoh,2025-01-16,23:49:11,-08:00,2025-01-16T23:49:11-08:00,0,100
resume/index.html,71,html,d8014f18,smacoh,2025-01-10,21:16:03,-08:00,2025-01-10T21:16:03-08:00,0,9
resume/index.html,72,html,d8014f18,smacoh,2025-01-10,21:16:03,-08:00,2025-01-10T21:16:03-08:00,0,8
resume/index.html,73,html,9ac84fa0,smacoh,2025-01-16,23:49:11,-08:00,2025-01-16T23:49:11-08:00,0,18
resume/index.html,74,html,d8014f18,smacoh,2025-01-10,21:16:03,-08:00,2025-01-10T21:16:03-08:00,0,2
resume/index.html,75,html,9ac84fa0,smacoh,2025-01-16,23:49:11,-08:00,2025-01-16T23:49:11-08:00,0,7
resume/index.html,76,html,1fa7e5f2,smacoh,2025-02-12,23:25:30,-08:00,2025-02-12T23:25:30-08:00,0,94
resume/index.html,77,html,1fa7e5f2,smacoh,2025-02-12,23:25:30,-08:00,2025-02-12T23:25:30-08:00,0,14
resume/index.html,78,html,1fa7e5f2,smacoh,2025-02-12,23:25:30,-08:00,2025-02-12T23:25:30-08:00,0,9
resume/index.html,79,html,9ac84fa0,smacoh,2025-01-16,23:49:11,-08:00,2025-01-16T23:49:11-08:00,0,8
resume/index.html,80,html,1fa7e5f2,smacoh,2025-02-12,23:25:30,-08:00,2025-02-12T23:25:30-08:00,0,3
resume/index.html,81,html,1fa7e5f2,smacoh,2025-02-12,23:25:30,-08:00,2025-02-12T23:25:30-08:00,0,97
resume/index.html,82,html,1fa7e5f2,smacoh,2025-02-12,23:25:30,-08:00,2025-02-12T23:25:30-08:00,0,20
resume/index.html,83,html,1fa7e5f2,smacoh,2025-02-12,23:25:30,-08:00,2025-02-12T23:25:30-08:00,0,43
resume/index.html,84,html,1fa7e5f2,smacoh,2025-02-12,23:25:30,-08:00,2025-02-12T23:25:30-08:00,0,91
resume/index.html,85,html,1fa7e5f2,smacoh,2025-02-12,23:25:30,-08:00,2025-02-12T23:25:30-08:00,0,25
resume/index.html,86,html,1fa7e5f2,smacoh,2025-02-12,23:25:30,-08:00,2025-02-12T23:25:30-08:00,0,101
resume/index.html,87,html,1fa7e5f2,smacoh,2025-02-12,23:25:30,-08:00,2025-02-12T23:25:30-08:00,0,8
resume/index.html,88,html,1fa7e5f2,smacoh,2025-02-12,23:25:30,-08:00,2025-02-12T23:25:30-08:00,0,71
resume/index.html,89,html,1fa7e5f2,smacoh,2025-02-12,23:25:30,-08:00,2025-02-12T23:25:30-08:00,0,4
resume/index.html,90,html,d8014f18,smacoh,2025-01-10,21:16:03,-08:00,2025-01-10T21:16:03-08:00,0,3
resume/index.html,91,html,d8014f18,smacoh,2025-01-10,21:16:03,-08:00,2025-01-10T21:16:03-08:00,0,9
resume/index.html,92,html,d8014f18,smacoh,2025-01-10,21:16:03,-08:00,2025-01-10T21:16:03-08:00,0,8
resume/index.html,93,html,9ac84fa0,smacoh,2025-01-16,23:49:11,-08:00,2025-01-16T23:49:11-08:00,0,16
resume/index.html,94,html,d8014f18,smacoh,2025-01-10,21:16:03,-08:00,2025-01-10T21:16:03-08:00,0,2
resume/index.html,95,html,9ac84fa0,smacoh,2025-01-16,23:49:11,-08:00,2025-01-16T23:49:11-08:00,0,7
resume/index.html,96,html,1fa7e5f2,smacoh,2025-02-12,23:25:30,-08:00,2025-02-12T23:25:30-08:00,0,88
resume/index.html,97,html,1fa7e5f2,smacoh,2025-02-12,23:25:30,-08:00,2025-02-12T23:25:30-08:00,0,14
resume/index.html,98,html,1fa7e5f2,smacoh,2025-02-12,23:25:30,-08:00,2025-02-12T23:25:30-08:00,0,32
resume/index.html,99,html,9ac84fa0,smacoh,2025-01-16,23:49:11,-08:00,2025-01-16T23:49:11-08:00,0,8
resume/index.html,100,html,1fa7e5f2,smacoh,2025-02-12,23:25:30,-08:00,2025-02-12T23:25:30-08:00,0,3
resume/index.html,101,html,1fa7e5f2,smacoh,2025-02-12,23:25:30,-08:00,2025-02-12T23:25:30-08:00,0,102
resume/index.html,102,html,1fa7e5f2,smacoh,2025-02-12,23:25:30,-08:00,2025-02-12T23:25:30-08:00,0,21
resume/index.html,103,html,1fa7e5f2,smacoh,2025-02-12,23:25:30,-08:00,2025-02-12T23:25:30-08:00,0,96
resume/index.html,104,html,1fa7e5f2,smacoh,2025-02-12,23:25:30,-08:00,2025-02-12T23:25:30-08:00,0,4
resume/index.html,105,html,d8014f18,smacoh,2025-01-10,21:16:03,-08:00,2025-01-10T21:16:03-08:00,0,3
resume/index.html,106,html,60bc0d9f,smacoh,2025-01-10,20:41:42,-08:00,2025-01-10T20:41:42-08:00,0,9
resume/index.html,107,html,60bc0d9f,smacoh,2025-01-10,20:41:42,-08:00,2025-01-10T20:41:42-08:00,0,9
resume/index.html,108,html,b4703737,smacoh,2025-01-10,20:32:52,-08:00,2025-01-10T20:32:52-08:00,0,6
resume/index.html,109,html,1fa7e5f2,smacoh,2025-02-12,23:25:30,-08:00,2025-02-12T23:25:30-08:00,0,0
resume/index.html,110,html,b4703737,smacoh,2025-01-10,20:32:52,-08:00,2025-01-10T20:32:52-08:00,0,6
projects/projects.js,1,js,1966e60d,smacoh,2025-01-31,20:09:31,-08:00,2025-01-31T20:09:31-08:00,0,73
projects/projects.js,2,js,3a60cc64,smacoh,2025-02-07,22:27:15,-08:00,2025-02-07T22:27:15-08:00,0,64
projects/projects.js,3,js,1966e60d,smacoh,2025-01-31,20:09:31,-08:00,2025-01-31T20:09:31-08:00,0,56
projects/projects.js,4,js,1966e60d,smacoh,2025-01-31,20:09:31,-08:00,2025-01-31T20:09:31-08:00,0,61
projects/projects.js,5,js,1966e60d,smacoh,2025-01-31,20:09:31,-08:00,2025-01-31T20:09:31-08:00,0,23
projects/projects.js,6,js,1fa7e5f2,smacoh,2025-02-12,23:25:30,-08:00,2025-02-12T23:25:30-08:00,0,49
projects/projects.js,7,js,1fa7e5f2,smacoh,2025-02-12,23:25:30,-08:00,2025-02-12T23:25:30-08:00,0,0
projects/projects.js,8,js,1966e60d,smacoh,2025-01-31,20:09:31,-08:00,2025-01-31T20:09:31-08:00,0,5
projects/projects.js,9,js,1fa7e5f2,smacoh,2025-02-12,23:25:30,-08:00,2025-02-12T23:25:30-08:00,0,42
projects/projects.js,10,js,3a60cc64,smacoh,2025-02-07,22:27:15,-08:00,2025-02-07T22:27:15-08:00,0,0
projects/projects.js,11,js,3a60cc64,smacoh,2025-02-07,22:27:15,-08:00,2025-02-07T22:27:15-08:00,0,0
projects/projects.js,12,js,3a60cc64,smacoh,2025-02-07,22:27:15,-08:00,2025-02-07T22:27:15-08:00,0,50
projects/projects.js,13,js,3a60cc64,smacoh,2025-02-07,22:27:15,-08:00,2025-02-07T22:27:15-08:00,0,58
projects/projects.js,14,js,3a60cc64,smacoh,2025-02-07,22:27:15,-08:00,2025-02-07T22:27:15-08:00,0,54
projects/projects.js,15,js,3a60cc64,smacoh,2025-02-07,22:27:15,-08:00,2025-02-07T22:27:15-08:00,0,22
projects/projects.js,16,js,3a60cc64,smacoh,2025-02-07,22:27:15,-08:00,2025-02-07T22:27:15-08:00,0,0
projects/projects.js,17,js,3a60cc64,smacoh,2025-02-07,22:27:15,-08:00,2025-02-07T22:27:15-08:00,0,41
projects/projects.js,18,js,3a60cc64,smacoh,2025-02-07,22:27:15,-08:00,2025-02-07T22:27:15-08:00,0,39
projects/projects.js,19,js,1fa7e5f2,smacoh,2025-02-12,23:25:30,-08:00,2025-02-12T23:25:30-08:00,0,26
projects/projects.js,20,js,1fa7e5f2,smacoh,2025-02-12,23:25:30,-08:00,2025-02-12T23:25:30-08:00,0,30
projects/projects.js,21,js,1fa7e5f2,smacoh,2025-02-12,23:25:30,-08:00,2025-02-12T23:25:30-08:00,0,33
projects/projects.js,22,js,1fa7e5f2,smacoh,2025-02-12,23:25:30,-08:00,2025-02-12T23:25:30-08:00,0,31
projects/projects.js,23,js,1fa7e5f2,smacoh,2025-02-12,23:25:30,-08:00,2025-02-12T23:25:30-08:00,0,0
projects/projects.js,24,js,1fa7e5f2,smacoh,2025-02-12,23:25:30,-08:00,2025-02-12T23:25:30-08:00,0,26
projects/projects.js,25,js,1fa7e5f2,smacoh,2025-02-12,23:25:30,-08:00,2025-02-12T23:25:30-08:00,0,27
projects/projects.js,26,js,1fa7e5f2,smacoh,2025-02-12,23:25:30,-08:00,2025-02-12T23:25:30-08:00,0,13
projects/projects.js,27,js,1fa7e5f2,smacoh,2025-02-12,23:25:30,-08:00,2025-02-12T23:25:30-08:00,0,15
projects/projects.js,28,js,1fa7e5f2,smacoh,2025-02-12,23:25:30,-08:00,2025-02-12T23:25:30-08:00,0,13
projects/projects.js,29,js,1fa7e5f2,smacoh,2025-02-12,23:25:30,-08:00,2025-02-12T23:25:30-08:00,0,1
projects/projects.js,30,js,1fa7e5f2,smacoh,2025-02-12,23:25:30,-08:00,2025-02-12T23:25:30-08:00,0,19
projects/projects.js,31,js,1fa7e5f2,smacoh,2025-02-12,23:25:30,-08:00,2025-02-12T23:25:30-08:00,0,45
projects/projects.js,32,js,1fa7e5f2,smacoh,2025-02-12,23:25:30,-08:00,2025-02-12T23:25:30-08:00,0,36
projects/projects.js,33,js,1fa7e5f2,smacoh,2025-02-12,23:25:30,-08:00,2025-02-12T23:25:30-08:00,0,2
projects/projects.js,34,js,1fa7e5f2,smacoh,2025-02-12,23:25:30,-08:00,2025-02-12T23:25:30-08:00,0,51
projects/projects.js,35,js,1fa7e5f2,smacoh,2025-02-12,23:25:30,-08:00,2025-02-12T23:25:30-08:00,0,51
projects/projects.js,36,js,1fa7e5f2,smacoh,2025-02-12,23:25:30,-08:00,2025-02-12T23:25:30-08:00,0,0
projects/projects.js,37,js,1fa7e5f2,smacoh,2025-02-12,23:25:30,-08:00,2025-02-12T23:25:30-08:00,0,34
projects/projects.js,38,js,1fa7e5f2,smacoh,2025-02-12,23:25:30,-08:00,2025-02-12T23:25:30-08:00,0,46
projects/projects.js,39,js,1fa7e5f2,smacoh,2025-02-12,23:25:30,-08:00,2025-02-12T23:25:30-08:00,0,48
projects/projects.js,40,js,1fa7e5f2,smacoh,2025-02-12,23:25:30,-08:00,2025-02-12T23:25:30-08:00,0,0
projects/projects.js,41,js,1fa7e5f2,smacoh,2025-02-12,23:25:30,-08:00,2025-02-12T23:25:30-08:00,0,27
projects/projects.js,42,js,1fa7e5f2,smacoh,2025-02-12,23:25:30,-08:00,2025-02-12T23:25:30-08:00,0,2
projects/projects.js,43,js,1fa7e5f2,smacoh,2025-02-12,23:25:30,-08:00,2025-02-12T23:25:30-08:00,0,14
projects/projects.js,44,js,1fa7e5f2,smacoh,2025-02-12,23:25:30,-08:00,2025-02-12T23:25:30-08:00,0,14
projects/projects.js,45,js,1fa7e5f2,smacoh,2025-02-12,23:25:30,-08:00,2025-02-12T23:25:30-08:00,0,25
projects/projects.js,46,js,1fa7e5f2,smacoh,2025-02-12,23:25:30,-08:00,2025-02-12T23:25:30-08:00,0,19
projects/projects.js,47,js,1fa7e5f2,smacoh,2025-02-12,23:25:30,-08:00,2025-02-12T23:25:30-08:00,0,48
projects/projects.js,48,js,3a60cc64,smacoh,2025-02-07,22:27:15,-08:00,2025-02-07T22:27:15-08:00,0,0
projects/projects.js,49,js,3a60cc64,smacoh,2025-02-07,22:27:15,-08:00,2025-02-07T22:27:15-08:00,0,2
projects/projects.js,50,js,1fa7e5f2,smacoh,2025-02-12,23:25:30,-08:00,2025-02-12T23:25:30-08:00,0,17
projects/projects.js,51,js,1fa7e5f2,smacoh,2025-02-12,23:25:30,-08:00,2025-02-12T23:25:30-08:00,0,27
projects/projects.js,52,js,1fa7e5f2,smacoh,2025-02-12,23:25:30,-08:00,2025-02-12T23:25:30-08:00,0,38
projects/projects.js,53,js,1fa7e5f2,smacoh,2025-02-12,23:25:30,-08:00,2025-02-12T23:25:30-08:00,0,2
projects/projects.js,54,js,1fa7e5f2,smacoh,2025-02-12,23:25:30,-08:00,2025-02-12T23:25:30-08:00,0,5
projects/projects.js,55,js,1fa7e5f2,smacoh,2025-02-12,23:25:30,-08:00,2025-02-12T23:25:30-08:00,0,15
projects/projects.js,56,js,1fa7e5f2,smacoh,2025-02-12,23:25:30,-08:00,2025-02-12T23:25:30-08:00,0,27
projects/projects.js,57,js,1fa7e5f2,smacoh,2025-02-12,23:25:30,-08:00,2025-02-12T23:25:30-08:00,0,38
projects/projects.js,58,js,1fa7e5f2,smacoh,2025-02-12,23:25:30,-08:00,2025-02-12T23:25:30-08:00,0,2
projects/projects.js,59,js,1fa7e5f2,smacoh,2025-02-12,23:25:30,-08:00,2025-02-12T23:25:30-08:00,0,26
projects/projects.js,60,js,1fa7e5f2,smacoh,2025-02-12,23:25:30,-08:00,2025-02-12T23:25:30-08:00,0,49
projects/projects.js,61,js,1fa7e5f2,smacoh,2025-02-12,23:25:30,-08:00,2025-02-12T23:25:30-08:00,0,7
projects/projects.js,62,js,1fa7e5f2,smacoh,2025-02-12,23:25:30,-08:00,2025-02-12T23:25:30-08:00,0,44
projects/projects.js,63,js,1fa7e5f2,smacoh,2025-02-12,23:25:30,-08:00,2025-02-12T23:25:30-08:00,0,80
projects/projects.js,64,js,1fa7e5f2,smacoh,2025-02-12,23:25:30,-08:00,2025-02-12T23:25:30-08:00,0,57
projects/projects.js,65,js,1fa7e5f2,smacoh,2025-02-12,23:25:30,-08:00,2025-02-12T23:25:30-08:00,0,0
projects/projects.js,66,js,1fa7e5f2,smacoh,2025-02-12,23:25:30,-08:00,2025-02-12T23:25:30-08:00,0,2
projects/projects.js,67,js,1fa7e5f2,smacoh,2025-02-12,23:25:30,-08:00,2025-02-12T23:25:30-08:00,0,2
projects/projects.js,68,js,1fa7e5f2,smacoh,2025-02-12,23:25:30,-08:00,2025-02-12T23:25:30-08:00,0,0
projects/projects.js,69,js,1fa7e5f2,smacoh,2025-02-12,23:25:30,-08:00,2025-02-12T23:25:30-08:00,0,54
projects/projects.js,70,js,1fa7e5f2,smacoh,2025-02-12,23:25:30,-08:00,2025-02-12T23:25:30-08:00,0,25
projects/projects.js,71,js,1fa7e5f2,smacoh,2025-02-12,23:25:30,-08:00,2025-02-12T23:25:30-08:00,0,18
projects/projects.js,72,js,1fa7e5f2,smacoh,2025-02-12,23:25:30,-08:00,2025-02-12T23:25:30-08:00,0,94
projects/projects.js,73,js,1fa7e5f2,smacoh,2025-02-12,23:25:30,-08:00,2025-02-12T23:25:30-08:00,0,31
projects/projects.js,74,js,1fa7e5f2,smacoh,2025-02-12,23:25:30,-08:00,2025-02-12T23:25:30-08:00,0,99
projects/projects.js,75,js,1fa7e5f2,smacoh,2025-02-12,23:25:30,-08:00,2025-02-12T23:25:30-08:00,0,19
projects/projects.js,76,js,1fa7e5f2,smacoh,2025-02-12,23:25:30,-08:00,2025-02-12T23:25:30-08:00,0,48
projects/projects.js,77,js,1fa7e5f2,smacoh,2025-02-12,23:25:30,-08:00,2025-02-12T23:25:30-08:00,0,0
projects/projects.js,78,js,1fa7e5f2,smacoh,2025-02-12,23:25:30,-08:00,2025-02-12T23:25:30-08:00,0,2
projects/projects.js,79,js,1fa7e5f2,smacoh,2025-02-12,23:25:30,-08:00,2025-02-12T23:25:30-08:00,0,17
projects/projects.js,80,js,1fa7e5f2,smacoh,2025-02-12,23:25:30,-08:00,2025-02-12T23:25:30-08:00,0,27
projects/projects.js,81,js,1fa7e5f2,smacoh,2025-02-12,23:25:30,-08:00,2025-02-12T23:25:30-08:00,0,40
projects/projects.js,82,js,1fa7e5f2,smacoh,2025-02-12,23:25:30,-08:00,2025-02-12T23:25:30-08:00,0,2
projects/projects.js,83,js,1fa7e5f2,smacoh,2025-02-12,23:25:30,-08:00,2025-02-12T23:25:30-08:00,0,5
projects/projects.js,84,js,1fa7e5f2,smacoh,2025-02-12,23:25:30,-08:00,2025-02-12T23:25:30-08:00,0,15
projects/projects.js,85,js,1fa7e5f2,smacoh,2025-02-12,23:25:30,-08:00,2025-02-12T23:25:30-08:00,0,27
projects/projects.js,86,js,1fa7e5f2,smacoh,2025-02-12,23:25:30,-08:00,2025-02-12T23:25:30-08:00,0,40
projects/projects.js,87,js,1fa7e5f2,smacoh,2025-02-12,23:25:30,-08:00,2025-02-12T23:25:30-08:00,0,2
projects/projects.js,88,js,1fa7e5f2,smacoh,2025-02-12,23:25:30,-08:00,2025-02-12T23:25:30-08:00,0,26
projects/projects.js,89,js,1fa7e5f2,smacoh,2025-02-12,23:25:30,-08:00,2025-02-12T23:25:30-08:00,0,49
projects/projects.js,90,js,1fa7e5f2,smacoh,2025-02-12,23:25:30,-08:00,2025-02-12T23:25:30-08:00,0,7
projects/projects.js,91,js,1fa7e5f2,smacoh,2025-02-12,23:25:30,-08:00,2025-02-12T23:25:30-08:00,0,44
projects/projects.js,92,js,1fa7e5f2,smacoh,2025-02-12,23:25:30,-08:00,2025-02-12T23:25:30-08:00,0,80
projects/projects.js,93,js,1fa7e5f2,smacoh,2025-02-12,23:25:30,-08:00,2025-02-12T23:25:30-08:00,0,57
projects/projects.js,94,js,1fa7e5f2,smacoh,2025-02-12,23:25:30,-08:00,2025-02-12T23:25:30-08:00,0,0
projects/projects.js,95,js,1fa7e5f2,smacoh,2025-02-12,23:25:30,-08:00,2025-02-12T23:25:30-08:00,0,2
projects/projects.js,96,js,1fa7e5f2,smacoh,2025-02-12,23:25:30,-08:00,2025-02-12T23:25:30-08:00,0,2
projects/projects.js,97,js,3a60cc64,smacoh,2025-02-07,22:27:15,-08:00,2025-02-07T22:27:15-08:00,0,0
projects/projects.js,98,js,1fa7e5f2,smacoh,2025-02-12,23:25:30,-08:00,2025-02-12T23:25:30-08:00,0,0
projects/projects.js,99,js,3a60cc64,smacoh,2025-02-07,22:27:15,-08:00,2025-02-07T22:27:15-08:00,0,33
projects/projects.js,100,js,3a60cc64,smacoh,2025-02-07,22:27:15,-08:00,2025-02-07T22:27:15-08:00,0,24
projects/projects.js,101,js,1fa7e5f2,smacoh,2025-02-12,23:25:30,-08:00,2025-02-12T23:25:30-08:00,0,0
projects/projects.js,102,js,3a60cc64,smacoh,2025-02-07,22:27:15,-08:00,2025-02-07T22:27:15-08:00,0,49
projects/projects.js,103,js,3a60cc64,smacoh,2025-02-07,22:27:15,-08:00,2025-02-07T22:27:15-08:00,0,30
projects/projects.js,104,js,3a60cc64,smacoh,2025-02-07,22:27:15,-08:00,2025-02-07T22:27:15-08:00,0,52
projects/projects.js,105,js,3a60cc64,smacoh,2025-02-07,22:27:15,-08:00,2025-02-07T22:27:15-08:00,0,60
projects/projects.js,106,js,3a60cc64,smacoh,2025-02-07,22:27:15,-08:00,2025-02-07T22:27:15-08:00,0,43
projects/projects.js,107,js,1fa7e5f2,smacoh,2025-02-12,23:25:30,-08:00,2025-02-12T23:25:30-08:00,0,2
projects/projects.js,108,js,3a60cc64,smacoh,2025-02-07,22:27:15,-08:00,2025-02-07T22:27:15-08:00,0,53
projects/projects.js,109,js,3a60cc64,smacoh,2025-02-07,22:27:15,-08:00,2025-02-07T22:27:15-08:00,0,57
projects/projects.js,110,js,3a60cc64,smacoh,2025-02-07,22:27:15,-08:00,2025-02-07T22:27:15-08:00,0,32
projects/projects.js,111,js,3a60cc64,smacoh,2025-02-07,22:27:15,-08:00,2025-02-07T22:27:15-08:00,0,2
projects/index.html,1,html,99818053,smacoh,2025-01-10,19:19:46,-08:00,2025-01-10T19:19:46-08:00,0,14
projects/index.html,2,html,99818053,smacoh,2025-01-10,19:19:46,-08:00,2025-01-10T19:19:46-08:00,0,15
projects/index.html,3,html,1fa7e5f2,smacoh,2025-02-12,23:25:30,-08:00,2025-02-12T23:25:30-08:00,0,0
projects/index.html,4,html,99818053,smacoh,2025-01-10,19:19:46,-08:00,2025-01-10T19:19:46-08:00,0,5
projects/index.html,5,html,99818053,smacoh,2025-01-10,19:19:46,-08:00,2025-01-10T19:19:46-08:00,0,21
projects/index.html,6,html,99818053,smacoh,2025-01-10,19:19:46,-08:00,2025-01-10T19:19:46-08:00,0,69
projects/index.html,7,html,99818053,smacoh,2025-01-10,19:19:46,-08:00,2025-01-10T19:19:46-08:00,0,22
projects/index.html,8,html,679a3a74,smacoh,2025-01-16,19:45:17,-08:00,2025-01-16T19:45:17-08:00,0,42
projects/index.html,9,html,68999a2c,smacoh,2025-01-24,18:47:02,-08:00,2025-01-24T18:47:02-08:00,0,49
projects/index.html,10,html,1966e60d,smacoh,2025-01-31,20:09:31,-08:00,2025-01-31T20:09:31-08:00,0,48
projects/index.html,11,html,99818053,smacoh,2025-01-10,19:19:46,-08:00,2025-01-10T19:19:46-08:00,0,6
projects/index.html,12,html,1fa7e5f2,smacoh,2025-02-12,23:25:30,-08:00,2025-02-12T23:25:30-08:00,0,0
projects/index.html,13,html,99818053,smacoh,2025-01-10,19:19:46,-08:00,2025-01-10T19:19:46-08:00,0,5
projects/index.html,14,html,1966e60d,smacoh,2025-01-31,20:09:31,-08:00,2025-01-31T20:09:31-08:00,0,39
projects/index.html,15,html,3a60cc64,smacoh,2025-02-07,22:27:15,-08:00,2025-02-07T22:27:15-08:00,0,22
projects/index.html,16,html,3a60cc64,smacoh,2025-02-07,22:27:15,-08:00,2025-02-07T22:27:15-08:00,0,53
projects/index.html,17,html,3a60cc64,smacoh,2025-02-07,22:27:15,-08:00,2025-02-07T22:27:15-08:00,0,11
projects/index.html,18,html,3a60cc64,smacoh,2025-02-07,22:27:15,-08:00,2025-02-07T22:27:15-08:00,0,5
projects/index.html,19,html,3a60cc64,smacoh,2025-02-07,22:27:15,-08:00,2025-02-07T22:27:15-08:00,0,18
projects/index.html,20,html,3a60cc64,smacoh,2025-02-07,22:27:15,-08:00,2025-02-07T22:27:15-08:00,0,11
projects/index.html,21,html,3a60cc64,smacoh,2025-02-07,22:27:15,-08:00,2025-02-07T22:27:15-08:00,0,4
projects/index.html,22,html,3a60cc64,smacoh,2025-02-07,22:27:15,-08:00,2025-02-07T22:27:15-08:00,0,5
projects/index.html,23,html,1fa7e5f2,smacoh,2025-02-12,23:25:30,-08:00,2025-02-12T23:25:30-08:00,0,103
projects/index.html,24,html,da5a7d12,smacoh,2025-01-16,23:01:04,-08:00,2025-01-16T23:01:04-08:00,0,21
projects/index.html,25,html,1966e60d,smacoh,2025-01-31,20:09:31,-08:00,2025-01-31T20:09:31-08:00,0,17
projects/index.html,26,html,1fa7e5f2,smacoh,2025-02-12,23:25:30,-08:00,2025-02-12T23:25:30-08:00,0,30
projects/index.html,27,html,1fa7e5f2,smacoh,2025-02-12,23:25:30,-08:00,2025-02-12T23:25:30-08:00,0,71
projects/index.html,28,html,1fa7e5f2,smacoh,2025-02-12,23:25:30,-08:00,2025-02-12T23:25:30-08:00,0,102
projects/index.html,29,html,1fa7e5f2,smacoh,2025-02-12,23:25:30,-08:00,2025-02-12T23:25:30-08:00,0,102
projects/index.html,30,html,1fa7e5f2,smacoh,2025-02-12,23:25:30,-08:00,2025-02-12T23:25:30-08:00,0,38
projects/index.html,31,html,1966e60d,smacoh,2025-01-31,20:09:31,-08:00,2025-01-31T20:09:31-08:00,0,14
projects/index.html,32,html,1966e60d,smacoh,2025-01-31,20:09:31,-08:00,2025-01-31T20:09:31-08:00,0,12
projects/index.html,33,html,1fa7e5f2,smacoh,2025-02-12,23:25:30,-08:00,2025-02-12T23:25:30-08:00,0,39
projects/index.html,34,html,1fa7e5f2,smacoh,2025-02-12,23:25:30,-08:00,2025-02-12T23:25:30-08:00,0,71
projects/index.html,35,html,1fa7e5f2,smacoh,2025-02-12,23:25:30,-08:00,2025-02-12T23:25:30-08:00,0,109
projects/index.html,36,html,1fa7e5f2,smacoh,2025-02-12,23:25:30,-08:00,2025-02-12T23:25:30-08:00,0,107
projects/index.html,37,html,1966e60d,smacoh,2025-01-31,20:09:31,-08:00,2025-01-31T20:09:31-08:00,0,14
projects/index.html,38,html,1966e60d,smacoh,2025-01-31,20:09:31,-08:00,2025-01-31T20:09:31-08:00,0,12
projects/index.html,39,html,1fa7e5f2,smacoh,2025-02-12,23:25:30,-08:00,2025-02-12T23:25:30-08:00,0,48
projects/index.html,40,html,1fa7e5f2,smacoh,2025-02-12,23:25:30,-08:00,2025-02-12T23:25:30-08:00,0,71
projects/index.html,41,html,1fa7e5f2,smacoh,2025-02-12,23:25:30,-08:00,2025-02-12T23:25:30-08:00,0,110
projects/index.html,42,html,1fa7e5f2,smacoh,2025-02-12,23:25:30,-08:00,2025-02-12T23:25:30-08:00,0,106
projects/index.html,43,html,1fa7e5f2,smacoh,2025-02-12,23:25:30,-08:00,2025-02-12T23:25:30-08:00,0,22
projects/index.html,44,html,1966e60d,smacoh,2025-01-31,20:09:31,-08:00,2025-01-31T20:09:31-08:00,0,14
projects/index.html,45,html,1966e60d,smacoh,2025-01-31,20:09:31,-08:00,2025-01-31T20:09:31-08:00,0,12
projects/index.html,46,html,1fa7e5f2,smacoh,2025-02-12,23:25:30,-08:00,2025-02-12T23:25:30-08:00,0,42
projects/index.html,47,html,1fa7e5f2,smacoh,2025-02-12,23:25:30,-08:00,2025-02-12T23:25:30-08:00,0,71
projects/index.html,48,html,1fa7e5f2,smacoh,2025-02-12,23:25:30,-08:00,2025-02-12T23:25:30-08:00,0,107
projects/index.html,49,html,1fa7e5f2,smacoh,2025-02-12,23:25:30,-08:00,2025-02-12T23:25:30-08:00,0,98
projects/index.html,50,html,1966e60d,smacoh,2025-01-31,20:09:31,-08:00,2025-01-31T20:09:31-08:00,0,14
projects/index.html,51,html,1966e60d,smacoh,2025-01-31,20:09:31,-08:00,2025-01-31T20:09:31-08:00,0,12
projects/index.html,52,html,1fa7e5f2,smacoh,2025-02-12,23:25:30,-08:00,2025-02-12T23:25:30-08:00,0,40
projects/index.html,53,html,1fa7e5f2,smacoh,2025-02-12,23:25:30,-08:00,2025-02-12T23:25:30-08:00,0,71
projects/index.html,54,html,1fa7e5f2,smacoh,2025-02-12,23:25:30,-08:00,2025-02-12T23:25:30-08:00,0,105
projects/index.html,55,html,1fa7e5f2,smacoh,2025-02-12,23:25:30,-08:00,2025-02-12T23:25:30-08:00,0,107
projects/index.html,56,html,1fa7e5f2,smacoh,2025-02-12,23:25:30,-08:00,2025-02-12T23:25:30-08:00,0,18
projects/index.html,57,html,1966e60d,smacoh,2025-01-31,20:09:31,-08:00,2025-01-31T20:09:31-08:00,0,14
projects/index.html,58,html,1966e60d,smacoh,2025-01-31,20:09:31,-08:00,2025-01-31T20:09:31-08:00,0,12
projects/index.html,59,html,1fa7e5f2,smacoh,2025-02-12,23:25:30,-08:00,2025-02-12T23:25:30-08:00,0,28
projects/index.html,60,html,1fa7e5f2,smacoh,2025-02-12,23:25:30,-08:00,2025-02-12T23:25:30-08:00,0,71
projects/index.html,61,html,1fa7e5f2,smacoh,2025-02-12,23:25:30,-08:00,2025-02-12T23:25:30-08:00,0,102
projects/index.html,62,html,1fa7e5f2,smacoh,2025-02-12,23:25:30,-08:00,2025-02-12T23:25:30-08:00,0,102
projects/index.html,63,html,1966e60d,smacoh,2025-01-31,20:09:31,-08:00,2025-01-31T20:09:31-08:00,0,14
projects/index.html,64,html,1966e60d,smacoh,2025-01-31,20:09:31,-08:00,2025-01-31T20:09:31-08:00,0,12
projects/index.html,65,html,1fa7e5f2,smacoh,2025-02-12,23:25:30,-08:00,2025-02-12T23:25:30-08:00,0,33
projects/index.html,66,html,1fa7e5f2,smacoh,2025-02-12,23:25:30,-08:00,2025-02-12T23:25:30-08:00,0,71
projects/index.html,67,html,1fa7e5f2,smacoh,2025-02-12,23:25:30,-08:00,2025-02-12T23:25:30-08:00,0,108
projects/index.html,68,html,1fa7e5f2,smacoh,2025-02-12,23:25:30,-08:00,2025-02-12T23:25:30-08:00,0,102
projects/index.html,69,html,1fa7e5f2,smacoh,2025-02-12,23:25:30,-08:00,2025-02-12T23:25:30-08:00,0,31
projects/index.html,70,html,1966e60d,smacoh,2025-01-31,20:09:31,-08:00,2025-01-31T20:09:31-08:00,0,14
projects/index.html,71,html,1966e60d,smacoh,2025-01-31,20:09:31,-08:00,2025-01-31T20:09:31-08:00,0,12
projects/index.html,72,html,1fa7e5f2,smacoh,2025-02-12,23:25:30,-08:00,2025-02-12T23:25:30-08:00,0,30
projects/index.html,73,html,1fa7e5f2,smacoh,2025-02-12,23:25:30,-08:00,2025-02-12T23:25:30-08:00,0,71
projects/index.html,74,html,1fa7e5f2,smacoh,2025-02-12,23:25:30,-08:00,2025-02-12T23:25:30-08:00,0,105
projects/index.html,75,html,1fa7e5f2,smacoh,2025-02-12,23:25:30,-08:00,2025-02-12T23:25:30-08:00,0,103
projects/index.html,76,html,1fa7e5f2,smacoh,2025-02-12,23:25:30,-08:00,2025-02-12T23:25:30-08:00,0,9
projects/index.html,77,html,1966e60d,smacoh,2025-01-31,20:09:31,-08:00,2025-01-31T20:09:31-08:00,0,14
projects/index.html,78,html,1966e60d,smacoh,2025-01-31,20:09:31,-08:00,2025-01-31T20:09:31-08:00,0,12
projects/index.html,79,html,1fa7e5f2,smacoh,2025-02-12,23:25:30,-08:00,2025-02-12T23:25:30-08:00,0,39
projects/index.html,80,html,1fa7e5f2,smacoh,2025-02-12,23:25:30,-08:00,2025-02-12T23:25:30-08:00,0,71
projects/index.html,81,html,1fa7e5f2,smacoh,2025-02-12,23:25:30,-08:00,2025-02-12T23:25:30-08:00,0,104
projects/index.html,82,html,1fa7e5f2,smacoh,2025-02-12,23:25:30,-08:00,2025-02-12T23:25:30-08:00,0,104
projects/index.html,83,html,1fa7e5f2,smacoh,2025-02-12,23:25:30,-08:00,2025-02-12T23:25:30-08:00,0,15
projects/index.html,84,html,1966e60d,smacoh,2025-01-31,20:09:31,-08:00,2025-01-31T20:09:31-08:00,0,14
projects/index.html,85,html,1966e60d,smacoh,2025-01-31,20:09:31,-08:00,2025-01-31T20:09:31-08:00,0,12
projects/index.html,86,html,1fa7e5f2,smacoh,2025-02-12,23:25:30,-08:00,2025-02-12T23:25:30-08:00,0,50
projects/index.html,87,html,1fa7e5f2,smacoh,2025-02-12,23:25:30,-08:00,2025-02-12T23:25:30-08:00,0,71
projects/index.html,88,html,1fa7e5f2,smacoh,2025-02-12,23:25:30,-08:00,2025-02-12T23:25:30-08:00,0,106
projects/index.html,89,html,1fa7e5f2,smacoh,2025-02-12,23:25:30,-08:00,2025-02-12T23:25:30-08:00,0,100
projects/index.html,90,html,1fa7e5f2,smacoh,2025-02-12,23:25:30,-08:00,2025-02-12T23:25:30-08:00,0,47
projects/index.html,91,html,1966e60d,smacoh,2025-01-31,20:09:31,-08:00,2025-01-31T20:09:31-08:00,0,14
projects/index.html,92,html,1966e60d,smacoh,2025-01-31,20:09:31,-08:00,2025-01-31T20:09:31-08:00,0,12
projects/index.html,93,html,1fa7e5f2,smacoh,2025-02-12,23:25:30,-08:00,2025-02-12T23:25:30-08:00,0,44
projects/index.html,94,html,1fa7e5f2,smacoh,2025-02-12,23:25:30,-08:00,2025-02-12T23:25:30-08:00,0,71
projects/index.html,95,html,1fa7e5f2,smacoh,2025-02-12,23:25:30,-08:00,2025-02-12T23:25:30-08:00,0,110
projects/index.html,96,html,1fa7e5f2,smacoh,2025-02-12,23:25:30,-08:00,2025-02-12T23:25:30-08:00,0,104
projects/index.html,97,html,1fa7e5f2,smacoh,2025-02-12,23:25:30,-08:00,2025-02-12T23:25:30-08:00,0,3
projects/index.html,98,html,1966e60d,smacoh,2025-01-31,20:09:31,-08:00,2025-01-31T20:09:31-08:00,0,14
projects/index.html,99,html,1966e60d,smacoh,2025-01-31,20:09:31,-08:00,2025-01-31T20:09:31-08:00,0,12
projects/index.html,100,html,1fa7e5f2,smacoh,2025-02-12,23:25:30,-08:00,2025-02-12T23:25:30-08:00,0,39
projects/index.html,101,html,1fa7e5f2,smacoh,2025-02-12,23:25:30,-08:00,2025-02-12T23:25:30-08:00,0,71
projects/index.html,102,html,1fa7e5f2,smacoh,2025-02-12,23:25:30,-08:00,2025-02-12T23:25:30-08:00,0,108
projects/index.html,103,html,1fa7e5f2,smacoh,2025-02-12,23:25:30,-08:00,2025-02-12T23:25:30-08:00,0,106
projects/index.html,104,html,1fa7e5f2,smacoh,2025-02-12,23:25:30,-08:00,2025-02-12T23:25:30-08:00,0,17
projects/index.html,105,html,1966e60d,smacoh,2025-01-31,20:09:31,-08:00,2025-01-31T20:09:31-08:00,0,18
projects/index.html,106,html,da5a7d12,smacoh,2025-01-16,23:01:04,-08:00,2025-01-16T23:01:04-08:00,0,5
projects/index.html,107,html,99818053,smacoh,2025-01-10,19:19:46,-08:00,2025-01-10T19:19:46-08:00,0,6
projects/index.html,108,html,1fa7e5f2,smacoh,2025-02-12,23:25:30,-08:00,2025-02-12T23:25:30-08:00,0,0
projects/index.html,109,html,99818053,smacoh,2025-01-10,19:19:46,-08:00,2025-01-10T19:19:46-08:00,0,6
meta/index.html,1,html,1fa7e5f2,smacoh,2025-02-12,23:25:30,-08:00,2025-02-12T23:25:30-08:00,0,14
meta/index.html,2,html,1fa7e5f2,smacoh,2025-02-12,23:25:30,-08:00,2025-02-12T23:25:30-08:00,0,15
meta/index.html,3,html,1fa7e5f2,smacoh,2025-02-12,23:25:30,-08:00,2025-02-12T23:25:30-08:00,0,0
meta/index.html,4,html,1fa7e5f2,smacoh,2025-02-12,23:25:30,-08:00,2025-02-12T23:25:30-08:00,0,5
meta/index.html,5,html,1fa7e5f2,smacoh,2025-02-12,23:25:30,-08:00,2025-02-12T23:25:30-08:00,0,23
meta/index.html,6,html,1fa7e5f2,smacoh,2025-02-12,23:25:30,-08:00,2025-02-12T23:25:30-08:00,0,71
meta/index.html,7,html,1fa7e5f2,smacoh,2025-02-12,23:25:30,-08:00,2025-02-12T23:25:30-08:00,0,18
meta/index.html,8,html,1fa7e5f2,smacoh,2025-02-12,23:25:30,-08:00,2025-02-12T23:25:30-08:00,0,44
meta/index.html,9,html,1fa7e5f2,smacoh,2025-02-12,23:25:30,-08:00,2025-02-12T23:25:30-08:00,0,49
meta/index.html,10,html,1fa7e5f2,smacoh,2025-02-12,23:25:30,-08:00,2025-02-12T23:25:30-08:00,0,6
meta/index.html,11,html,1fa7e5f2,smacoh,2025-02-12,23:25:30,-08:00,2025-02-12T23:25:30-08:00,0,0
meta/index.html,12,html,1fa7e5f2,smacoh,2025-02-12,23:25:30,-08:00,2025-02-12T23:25:30-08:00,0,5
meta/index.html,13,html,1fa7e5f2,smacoh,2025-02-12,23:25:30,-08:00,2025-02-12T23:25:30-08:00,0,12
meta/index.html,14,html,1fa7e5f2,smacoh,2025-02-12,23:25:30,-08:00,2025-02-12T23:25:30-08:00,0,62
meta/index.html,15,html,1fa7e5f2,smacoh,2025-02-12,23:25:30,-08:00,2025-02-12T23:25:30-08:00,0,6
meta/index.html,16,html,1fa7e5f2,smacoh,2025-02-12,23:25:30,-08:00,2025-02-12T23:25:30-08:00,0,0
meta/index.html,17,html,1fa7e5f2,smacoh,2025-02-12,23:25:30,-08:00,2025-02-12T23:25:30-08:00,0,6
contact/index.html,1,html,99818053,smacoh,2025-01-10,19:19:46,-08:00,2025-01-10T19:19:46-08:00,0,14
contact/index.html,2,html,99818053,smacoh,2025-01-10,19:19:46,-08:00,2025-01-10T19:19:46-08:00,0,15
contact/index.html,3,html,1fa7e5f2,smacoh,2025-02-12,23:25:30,-08:00,2025-02-12T23:25:30-08:00,0,0
contact/index.html,4,html,99818053,smacoh,2025-01-10,19:19:46,-08:00,2025-01-10T19:19:46-08:00,0,5
contact/index.html,5,html,1fa7e5f2,smacoh,2025-02-12,23:25:30,-08:00,2025-02-12T23:25:30-08:00,0,23
contact/index.html,6,html,1fa7e5f2,smacoh,2025-02-12,23:25:30,-08:00,2025-02-12T23:25:30-08:00,0,71
contact/index.html,7,html,1fa7e5f2,smacoh,2025-02-12,23:25:30,-08:00,2025-02-12T23:25:30-08:00,0,21
contact/index.html,8,html,1fa7e5f2,smacoh,2025-02-12,23:25:30,-08:00,2025-02-12T23:25:30-08:00,0,44
contact/index.html,9,html,1fa7e5f2,smacoh,2025-02-12,23:25:30,-08:00,2025-02-12T23:25:30-08:00,0,49
contact/index.html,10,html,99818053,smacoh,2025-01-10,19:19:46,-08:00,2025-01-10T19:19:46-08:00,0,6
contact/index.html,11,html,1fa7e5f2,smacoh,2025-02-12,23:25:30,-08:00,2025-02-12T23:25:30-08:00,0,0
contact/index.html,12,html,99818053,smacoh,2025-01-10,19:19:46,-08:00,2025-01-10T19:19:46-08:00,0,5
contact/index.html,13,html,1fa7e5f2,smacoh,2025-02-12,23:25:30,-08:00,2025-02-12T23:25:30-08:00,0,15
contact/index.html,14,html,1fa7e5f2,smacoh,2025-02-12,23:25:30,-08:00,2025-02-12T23:25:30-08:00,0,50
contact/index.html,15,html,1fa7e5f2,smacoh,2025-02-12,23:25:30,-08:00,2025-02-12T23:25:30-08:00,0,20
contact/index.html,16,html,1fa7e5f2,smacoh,2025-02-12,23:25:30,-08:00,2025-02-12T23:25:30-08:00,0,7
contact/index.html,17,html,1fa7e5f2,smacoh,2025-02-12,23:25:30,-08:00,2025-02-12T23:25:30-08:00,0,34
contact/index.html,18,html,1fa7e5f2,smacoh,2025-02-12,23:25:30,-08:00,2025-02-12T23:25:30-08:00,0,7
contact/index.html,19,html,1fa7e5f2,smacoh,2025-02-12,23:25:30,-08:00,2025-02-12T23:25:30-08:00,0,17
contact/index.html,20,html,1fa7e5f2,smacoh,2025-02-12,23:25:30,-08:00,2025-02-12T23:25:30-08:00,0,4
contact/index.html,21,html,1fa7e5f2,smacoh,2025-02-12,23:25:30,-08:00,2025-02-12T23:25:30-08:00,0,42
contact/index.html,22,html,1fa7e5f2,smacoh,2025-02-12,23:25:30,-08:00,2025-02-12T23:25:30-08:00,0,7
contact/index.html,23,html,1fa7e5f2,smacoh,2025-02-12,23:25:30,-08:00,2025-02-12T23:25:30-08:00,0,22
contact/index.html,24,html,1fa7e5f2,smacoh,2025-02-12,23:25:30,-08:00,2025-02-12T23:25:30-08:00,0,6
contact/index.html,25,html,99818053,smacoh,2025-01-10,19:19:46,-08:00,2025-01-10T19:19:46-08:00,0,6
contact/index.html,26,html,1fa7e5f2,smacoh,2025-02-12,23:25:30,-08:00,2025-02-12T23:25:30-08:00,0,0
contact/index.html,27,html,99818053,smacoh,2025-01-10,19:19:46,-08:00,2025-01-10T19:19:46-08:00,0,6
